manufacturer,code,name,start_date,end_date,manufacturer_description,tags,synonyms,coe,type,manufacturer_url,image_path,image_url,stock_type
GA,GA-301,Acid Yellow Crayon,,,"The new batches of Acid Yellow Crayon are the most dense yet! We are pushing this color's boundaries, making it as dense as possible, while keeping it an acidic lemony yellow. If you want a more traditional yellow, try Yellow Crayon. Working Tip: Pre-heat in outer flame. Avoid rapid heating Artist Description by Mike Shelbo: ""This very bright opaque yellow will stay true when drawn down to smaller cane sizes and will not transmit light unless the application of color is thinner than 2mm. This color works great in the neutral flame region and can handle all flame atmospheres for short amounts of time. Do not use a highly reducing flame or a very sharp hot flame without quick movement of the color; this will avoid any possibility of minor boil spots. The vibrancy of Acid Yellow Crayon is a wonderful backing to many Glass Alchemy transparent colors, also a very complimentary color to the other opaques, and desirable for murine applications as well. Encasement in clear is not necessary but can be used to increase yield on size of solid or blown work and allow for more intense working conditions."" - Mike Shelbo","""reducing"", ""yellow""",,33,rod,https://glassalchemy.com/products/acid-yellow-crayon,,https://cdn.shopify.com/s/files/1/0965/6730/products/NG-301AcidYellowCrayon.jpg?v=1633639404,
GA,GA-446,Agua Azul,,,"Agua Azul, 446 is hailed by many as the best boro color ever. It looks great on its own, compliments or contrasts nearly all colors in the Glass Alchemy palette, and works great in encasement applications. These features and many more have allowed Agua Azul, 446 to become one of the finest opaques in the borosilicate world. Working Tip: Work this color in a neutral flame. Garage at 975° F, Anneal at 1050° F. Artist Description by Mike Shelbo: ""This opaque aqua blue works great and has never given me any problems. I know that it is one of the most popular Glass Alchemy colors and the reason is because no matter which way you work it, the results are fantastic. I use it for murrine, solid sculpture, blown work on clear tubing or coil potted and with or without encasement in clear. Agua Azul holds its color as it is drawn out into stringers and is applied smoothly and works creamy. When blown extremely thin you can see slight translucent qualities and minuscule air bubbles, but this only shows when not encased and blown thinner than 1mm. Complimenting and contrasting a wide array of Glass Alchemy colors, Agua Azul is a mandatory part of my palette and has been since I first used it long ago."" - Mike Shelbo","""blue""",,33,rod,https://glassalchemy.com/products/agua-azul-446,,https://cdn.shopify.com/s/files/1/0965/6730/products/446_aac08fc4-b6e9-49d3-99b1-ddff2f29429e.jpg?v=1607813152,
GA,GA-443,Agua Mist,,,"Agua Mist, 443 is a smooth and creamy blue-green that falls between Agua Azul and Alchemy Mint. This color rounds out the water fade and has similar working properties to Agua Azul. This color looks great on its own and compliments or contrasts nearly all colors in the Glass Alchemy palette. Working Tip: Work this color in a neutral flame. Garage at 975° F, Anneal at 1050° F. Artist Description by Mike Shelbo: ""This opaque color is the in between shade of GA Alchemy Mint and GA Agua Azul. It is a wonderful blend that is similar to the color of conventional toothpaste. It handles really well in all flame atmospheres and can be worked very easily with or without encasement. Agua Mist melts smooth and creamy, so it works like a dream. Great for hollow or solid work and is light when drawn out to a stringer but still holds its color well."" - Mike Shelbo","""blue""",,33,rod,https://glassalchemy.com/products/agua-mist-443,,https://cdn.shopify.com/s/files/1/0965/6730/products/443_30a75442-6d54-47fb-ac3a-915faf159b93.jpg?v=1607207283,
GA,GA-441,Alchemy Mint,,,"Alchemy Mint, 441 is an opaque celadon green that works well in fades, backgrounds to pop other colors or as an off white, especially in stringer applications. Working Tip: Work this color in a neutral flame. Garage at 975° F, Anneal at 1050° F. Artist Description by Mike Shelbo: ""I work this color unencased and it works creamy and smooth in a variety of flame settings. Quick heats with a sharp premix flame to add, melt or cut-in detail work does not bother the surface of this color. This is a beautiful opal that will lend well to blown work and contrasts with darker colors. If blown thin enough, you will see a milky opalescent finish that is easiest to achieve by placing Mint in between two layers of clear before blowing out."" - Mike Shelbo","""green""",,33,rod,https://glassalchemy.com/products/alchemy-mint-441,,https://cdn.shopify.com/s/files/1/0965/6730/products/441_8a9866fc-56ab-4f81-8a1c-9f300d9290ff.jpg?v=1607813082,
GA,GA-287,Amazon Bronze,,,"Henry designed this color for Susan to look like a Japanese ceramic glaze. Amazon Bronze is loaded with metals, which gives this color a very fun nature. Working Tip: Flame or kiln strike 1075F. Work neutral; reduce at end for metallic effects. Artist Description by Mike Shelbo: ""The potential for variations of finishes is the best part about Amazon Bronze. I usually work the glass in the center of the distance between my torch tip and the end of the flame (the neutral flame zone), leaving me with a deep reddish brown. Then when the piece is completed and ready to put away I will increase propane in the flame and flash the piece in and out of the fire to bring the metallic reduction to the surface. This has yielded metallic colors ranging from a shiny copper penny to a beautiful rainbow iridescence. You can also repeatedly kiln your finished piece at 1040F to 1100F to achieve a metallic effect, leaving a slight luster finish of blues and purples and sometimes cream and green on top of your underlying dense browns and reds. Amazon Bronze looks awesome without being encased or underneath clear or other transparent colors."" - Mike Shelbo","""brown"", ""luster"", ""orange"", ""reducing"", ""striker""",,33,rod,https://glassalchemy.com/products/amazon-bronze-287,,https://cdn.shopify.com/s/files/1/0965/6730/products/287_fd61cc41-aaaa-4832-86c1-95b980f6d843.jpg?v=1607796928,
GA,GA-587,Amazon Lagoon,,,"After first introducing information on how to strike silver colors and create metallic finishes, such as using a neutral flame and monitoring time/temperature relationships, we started to hear that some people missed the ""surprise"" of opening their kiln door. For all of you that fit into this category, we created Amazon Lagoon, 587. This color was designed to put the ""surprise"" back into working silver borosilicate colors. Every piece will be beautiful, every piece will be different. Working Tip: Work in neutral flame and have fun, this one is loaded with silver! Artist Description by Mike Shelbo: ""Amazon Lagoon is a very deep cobalt base glass packed with tons of silver. Encasement of the rod in clear will result in trapping pearlescent greens and blues and some golden oranges and cream yellows. Depending on working time and whether the piece is solid or blown, you will see a range of finishes and shifting of colors. In a neutral working atmosphere the silver will come to the surface when not encased in clear. Color ranging from dark blue to yellow green pastel will sometimes have streaks of cool colors on the surface. When your piece is done you can reduce lightly and watch the metallic finish emerge in golds, silvers, greens, bronzes and blues depending on color layer thickness and amount of reduction given."" - Mike Shelbo","""blue"", ""green"", ""luster"", ""reducing"", ""silver"", ""striker""",,33,rod,https://glassalchemy.com/products/amazon-lagoon-587,,https://cdn.shopify.com/s/files/1/0965/6730/products/587_bd542a71-e028-4464-b6d8-e922f2352d75.jpg?v=1608252878,
GA,GA-987,Amazon Night,,,"The year was 2001 and it was Henry's birthday. He had never given himself a birthday present so he figured it was time to change that. Four days later on October the 9th Amazon Night, 987 was born. His baby is a beautiful green with silver that produces amazing strikes and silver lusters. This color is also our preferred method for testing for a neutral flame. Also available in frit, this color is a must have for every studio! Working Tip: Flame or kiln strike at 1075°F. Work neutral; reduce at end for metallic effects. Artist Description by Mike Shelbo: ""The base glass for Amazon Night is a translucent dark green and it is fully packed with silver and other metals. I love to encase this color with clear on a piece that will be worked for a couple hours. Reheating the area of Amazon Night in different ways (ex: sharp intense spot heat, or all over) will change the results of the silver trying to emerge through the clear layer. Bursts, streaks, wisps and smooth gradients will appear in all colors of blues, greens, purples, and golden yellow.When working Amazon Night without encasement, make sure not to overwork in a reducing atmosphere or in an over oxidizing flame to avoid phase separation or scum. Work in as close to a neutral atmosphere as possible until just before putting the piece away, then increase propane in flame and pass piece through flame and watch a chrome like rainbow iridescence build up with different levels of exposure."" - Mike Shelbo","""luster"", ""reducing"", ""silver"", ""striker""",,33,rod,https://glassalchemy.com/products/amazon-night-987,,https://cdn.shopify.com/s/files/1/0965/6730/products/987_ed15bf34-1801-43f8-b3e8-62d96cc07a0a.jpg?v=1608595080,
GA,GA-6585,Andromeda,,,"Andromeda is a striking sparkle color that takes the Triple Passion strike and the sparkle of Paparazzi and combines them in one! Working Tip: Work this color like you would Triple Passion or a similar striking color. Since this color also has chrome it in work it in a neutral flame and garage at 975° F, Anneal at 1050° F. Artist Description by Mike Shelbo: “Andromeda is a transparent green sparkle that strikes when heated to a transparent amber that will continue to strike to a deep purple, if the layer of color is thick enough. In addition to the base color there is sparkle and silver that will fume the surface of the color as it gets worked. You can treat Andromeda similar to GA Triple Passion and use an intense, sharp flame to burn off the silver fume on the surface if you wish to show the brilliance of the sparkle in the finish of your piece. You can get a range of finishes with this color without encasement, depending on how long the color is worked and in what flame atmosphere. I have found that when encased in clear, Andromeda handles very well and the clear can often intensify the sparkle. If worked before encasement you can trap silver fuming off the color and have a milky blue ghostly veil over your sparkle green or purple. The sparkle flakes in Andromeda seem to reflect a rainbow of color, ending in gold. The color can be manipulated by twisting, compressing, layering and thinning the amount of color used and how it is worked into your piece, resulting in a number of finishing looks. When kiln striking the base color to shift into deeper colors try 1100 degrees Fahrenheit for short intervals of time until you see the desired results. Andromeda pairs well with GA Eclipse and GA Grape.” – Mike Shelbo","""silver"", ""sparkle"", ""striker""",,33,rod,https://glassalchemy.com/products/andromeda-6585,,https://cdn.shopify.com/s/files/1/0965/6730/products/6585_1f1bd99b-3873-4674-8d28-75d9b981efd3.jpg?v=1608589088,
GA,GA-4623,Antidote,,,"This pastel green is a highly workable and compatible color. The first of our Pastel line of colors, Antidote is a tried and true green. For a darker version, check out Double Dose. Working Tip: Be sure not to get this color too hot when in a thin application as to not cook out the pastel base and turn it transparent. Work in a neutral flame. Blow outs work best with the pastel colors.","""unknown""",,33,rod,https://glassalchemy.com/products/antidote-4623,,https://cdn.shopify.com/s/files/1/0965/6730/products/Antidote-7.19Reshoot.jpg?v=1607646951,
GA,GA-412,Aquamarine,,,"This beautiful light blue-green is a highly usable copper free color. There is no chance of livering or REDuction with this one! If you are looking for a darker version of this color, check out Ultramarine. Working Tip: This is a user friendly color and can withstand long working times. As always, we suggest you use a neutral flame.","""blue"", ""green""",,33,rod,https://glassalchemy.com/products/aquamarine-412,,https://cdn.shopify.com/s/files/1/0965/6730/products/FGT-412Aquamarine_e8da1f70-8e71-4c40-8694-00ce0350165a.jpg?v=1615319563,
GA,GA-489,Aquatic Carnival,,,"The color is a playful striking color, yielding creams to metallic color. It can provide very distinctive red colors when reduced. If you like Dragon's Eye or Amazon Night, we suggest you try this one. Working Tip:Flame or kiln strike at 1075°F. Work neutral; reduce at end for metallic effects. Artist Description by Mike Shelbo: ""Aquatic Carnival is a very deep teal transparent, packed with silver and copper. A neutral flame keeps the piece looking like the cane before being fired. An over oxidizing sharp hot flame setting may scum or boil when repeatedly immersed into the fire. To best avoid unwanted effects, either work your piece in the middle of the length of your torch flame or pre-encase with clear. When Aquatic Carnival is on the surface you can repeatedly reduce in the torch flame to bring out an array of color and effects. Try rotating the area you want reduced until a soft orange glow (not molten) appears, then remove from flame and wait a moment to see the result. Reduction at the end of the creation process yields completely different results than a piece worked in a reduction flame the whole time it was made. Bursts and gradients of greens and blues on the top of the deep teal creates beautiful tones, very reminiscent of water and the play of light on the ocean."" - Mike Shelbo","""luster"", ""reducing"", ""silver"", ""striker""",,33,rod,https://glassalchemy.com/products/aquatic-carnival-489,,https://cdn.shopify.com/s/files/1/0965/6730/products/489_a6085be2-88ab-48ff-a6f4-4afec5e0f9cf.jpg?v=1607803901,
GA,GA-TTL-Argent Green,Argent Green,,,"It's Back!! This Test Lab color is back by popular demand. Previously, we had a Dark and a Light version. This time around, we made a shade in-between, hopefully you think it's just right. Working Tip: As always, we suggest you work in a neutral flame. Note: Thomas' Test Lab contains good quality glass. The color formulation is still not final and final QC parameters have not been set.","""green""",,33,rod,https://glassalchemy.com/products/argent-green,,https://cdn.shopify.com/s/files/1/0965/6730/products/PortlandGreen_Pipe.jpg?v=1674508116,
GA,GA-4196,Atlantis,,,"Atlantis is a beautiful transparent, reminiscent of our old Teal, 531 without the copper and potential for REDuction. Working Tip: Work it hot or cool, in as close to a neutral flame as possible.","""blue"", ""reducing""",,33,rod,https://glassalchemy.com/products/atlantis-4196,,https://cdn.shopify.com/s/files/1/0965/6730/products/Atlantis-new10.14.18_c4dd77c9-1010-491f-a01d-ca7a2c31b347.jpg?v=1607646622,
GA,GA-263,Atomic Kumquat,,,"This old school UV favorite is back. A clear rod that glows orange under UV, Atomic Kumquat is now back as part of our First-Gen Transparent line. Working Tip: Use as a clear layer to add an extra pop to your work.","""uv""",,33,rod,https://glassalchemy.com/products/atomic-kumquat-263,,https://cdn.shopify.com/s/files/1/0965/6730/products/FGT-263AtomicKumquat_Fade.jpg?v=1611087283,
GA,GA-303,Banana,,,Banana is a bright vibrant yellow that is great for sculptural applications. This highly workable color is less dense than Yellow Crayon and will look translucent in thin applications. Working Tip: Pre-heat in outer flame. Avoid rapid heating.,"""yellow""",,33,rod,https://glassalchemy.com/products/banana-303,,https://cdn.shopify.com/s/files/1/0965/6730/products/NG-303Banana.jpg?v=1633639468,
GA,GA-767,Belladonna,,,"Belladonna is a beautiful royal purple. If you like Nightshade, but are looking for a more affordable option, then this is your color. Belladonna is a rich, deep purple. Working Tip:This is a user friendly color and can withstand long working times. As always, we suggest you use a neutral flame.","""purple""",,33,rod,https://glassalchemy.com/products/belladonna-767,,https://cdn.shopify.com/s/files/1/0965/6730/products/FGT-767Belladonna.jpg?v=1611089655,
GA,GA-833,Beryl,,,"Beryl, 833 was designed as an organic color to fill a huge hole in the borosilicate palette. A color that is seen (but not often noticed) in nature and called retro by those that recall the oil lamps and cruets of the 60's, Beryl, 833 makes a great bead color, is useful as a tint or sculptural color. Working Tip: Work in neutral flame to avoid reduction (red streaks). Artist Description by Mike Shelbo: ""This is one of my favorite translucent WYSIWYG colors. This brownish olive green transparent is wonderful for solid color sculpting and works very nicely for blown work as well. For larger blown work, I recommend sandwiching between a clear tube and another layer of clear or transparent color, reason being that Beryl is made up of a significant amount of copper. When a heavy copper color is not encased and on the surface for blown work that will be melted, blown, and manipulated it will tend to react with different amounts of propane and oxygen in your flame mix. So where Beryl may feel similar to working clear, it will prefer working about halfway to three quarters of the flame length away from the tip of your torch in an even mix of gas. Heavy reduction or propane in the flame mix, very close to the tip of your torch, will react with the copper in the color causing different surface effects. A very natural tone for your color palette, Beryl will compliment many other Glass Alchemy colors and when standing alone should be given the opportunity for light to transmit through the color for best presentation."" - Mike Shelbo","""reducing""",,33,rod,https://glassalchemy.com/products/beryl-833,,https://cdn.shopify.com/s/files/1/0965/6730/products/833_6373080d-5091-4cd1-9313-7140e010a715.jpg?v=1608591566,
GA,GA-974,Black Violet,,,"Black Violet, 974 was part of Glass Alchemy's initial introduction of colors. At the time the market needed a black that did not boil and we introduced 3 new blacks to choose from. Black Violet is a deep translucent that is extremely workable, great for beads and other sculptural projects. It is popular because it flows together without transition lines, is very shiny and the surface does not easily reduce. Working Tip: Work this color hot using a neutral flame. Artist Description by Mike Shelbo: ""Following closely behind Glass Alchemy Black Blue in saturation, this dense translucent black is good for several applications with different results. When kept 3mm or thicker, Black Violet will transmit a true manganese purple and reflect back a dense black. This color works nicely as it melts easily and will smooth into itself without trace of where application overlaps. When drawn into thin stringers you can see the violet come out of the color, and when applied thin or blown thin, this color is a beautiful translucent shade of violet that could be described as a smoky purple."" - Mike Shelbo","""black"", ""purple"", ""reducing""",,33,rod,https://glassalchemy.com/products/black-violet-974,,https://cdn.shopify.com/s/files/1/0965/6730/products/974_aa4da912-1a3a-41cb-bc2e-3caa525e5ab8.jpg?v=1608593327,
GA,GA-591,Blue Dream,,,"A great addition to the Glass Alchemy transparent palette, Blue Dream is a vibrant bold blue that looks great sculpted and really pops. Working Tip: Try layering Blue Dream to achieve a blue tint, or using it in thick solid sections to achieve a vibrant blue. Artist Description by Mike Shelbo: ""Blue Dream is a vibrant and transparent blue. It is a stable WYSIWYG. The color becomes more intense as the layer of thickness is built up to about 8mm or more. If thinned out to a stringer or 4mm or less, the color becomes a lighter tint. With a higher refractive index, I use this color mostly as solid bits and thicker tubing sections. I found it to be quite optically clear and mostly air-free. If you are a fan of Brilliant Blue, then you will love this more transparent shade of bright cobalt. It can be exposed to many flame atmospheres and working conditions without any concern. I would not recommend an overly heavy propane flame for a long working time, but Blue Dream seems to be quite resilient to reduction issues other cobalt’s may have. Blue Dream compliments Sno White and pairs well with Haterade, Raindrop, and GA’s other transparents."" - Mike Shelbo","""blue"", ""reducing""",,33,rod,https://glassalchemy.com/products/blue-dream-591,,https://cdn.shopify.com/s/files/1/0965/6730/products/BlueDream.jpg?v=1607643178,
GA,GA-563,Blue Dreamingo Lite,,,"A little Blue Dream added to Electric Flamingo. What's not to love?! The ""Lite"" refers to the level of cobalt. This color has the full UV pink reaction of Electric Flamingo. Working Tip: ﻿This is a user friendly color. As always, we suggest you work with a neutral flame.","""blue"", ""uv""",,33,rod,https://glassalchemy.com/products/blue-dreamingo-lite-563,,https://cdn.shopify.com/s/files/1/0965/6730/products/BlueDreamingoUVfade.jpg?v=1607647853,
GA,GA-592,Brilliant Blue,,,"We altered the refractive index to make Brilliant Blue stand out from the rest of the cobalt colors. This is a must have for any studio. Brilliant Blue plays well with all colors, especially silver ones. Working Tip: Work in neutral flame to avoid reduction (gray streaks). Artist Description by Mike Shelbo: ""This color is a shade darker than Glass Alchemy Cobalt-1, 511 and a great deal more vibrant.When trying to describe the subtle difference that Brilliant Blue has compared to other cobalt colors, it is tough until you see them side by side. Brilliant Blue is brighter, it has more pop. As other cobalts get thicker they darken in vibrancy and transparency, Brilliant Blue can be used in solid color sculpture and have that vibrant tone emanate from its core.Brilliant Blue works wonderfully and can handle all types of flame settings and mixes. No need to over oxidize with Brilliant Blue because it does not have any tendency to go gray. Great for blown and solid work, Brilliant Blue is a staple Glass Alchemy color for the palette."" - Mike Shelbo","""blue"", ""reducing""",,33,rod,https://glassalchemy.com/products/brilliant-blue-592,,https://cdn.shopify.com/s/files/1/0965/6730/products/592_d657405e-aca5-4d6b-809a-62bc53627aaf.jpg?v=1608588767,
GA,GA-8672,Brozay,,,Brozay is a beautiful rose gold color. The color plays with your eye depending on the lighting and other colors you pair it with. It can look on the pinker side or browner side depending on what you pair it with. Think of it as Rozay with a touch of earthiness. Working Tip: Try layering Brozay or using it in thick solid section to achieve different results.,"""unknown""",,33,rod,https://glassalchemy.com/products/brozay-8672,,https://cdn.shopify.com/s/files/1/0965/6730/products/Brozay_e8a81351-caf3-4cf6-a79f-b69196be4481.jpg?v=1607645181,
GA,GA-403,Chartreuse Crayon,,,"Chartreuse Crayon, 403 is a dense, vibrant cadmium based green with a yellow undertone. It is great for all applications and will remain dense when pulled down thin. This color is easy to work and is safe in all applications. Working Tip: Pre-heat in outer flame. Avoid rapid heating. Artist Description by Mike Shelbo: ""This yellow green opaque loves to be worked in the outer region of the flame. It stays beautiful and creamy and smooth when worked properly and can be worked without encasement. When using for bit work be mindful of the point at which the glass bit separates from the rod as this tiny spot is susceptible to minor boiling as it melts down. Boil spots can be avoided by folding/pushing the separation point into the bit while molten or place a tiny dab of clear on top, but do not overheat directly while melting in. It is said that Chartreuse is the most visible color to the human eye. I like that. I also like to use it with Glass Alchemy's Grape, 773 for a nice contrast."" - Mike Shelbo","""green"", ""yellow""",,33,rod,https://glassalchemy.com/products/chartreuse-crayon-403,,https://cdn.shopify.com/s/files/1/0965/6730/products/ChartreuseCrayon-10.14.19.jpg?v=1607814514,
GA,GA-804,Chocolate Crayon,,,"Chocolate Crayon is a dense, vibrant opaque cadmium based brown. It is great for all applications and will remain dense when pulled down thin. Working Tip: Pre-heat in outer flame. Avoid rapid heating. Artist Description by Mike Shelbo: ""Chocolate Crayon is indeed a chocolate brown opaque color that is very dense and one of the nicest opaques in the Crayon series to work with. It handles well in any flame, sharp or soft, and can be heated closer to your torch tip than other Crayons seem to prefer. Try to keep a flame setting that is neither too reducing nor oxidizing when using Chocolate Crayon without encasement. Under clear the color holds true and can be stretched or blown very thin without losing opacity. Chocolate Crayon works smooth and creamy, melts easily and without worry of sublimation."" - Mike Shelbo","""brown"", ""reducing""",,33,rod,https://glassalchemy.com/products/chocolate-crayon-804,,https://cdn.shopify.com/s/files/1/0965/6730/products/ChocoolateCrayon.jpg?v=1607815234,
GA,GA-3090,Citron,,,"Citron is a transparent, vibrant yellow. Great in all applications, this color will add a little zest to your work! Working Tip: Pre-heat in outer flame. Avoid rapid heating.","""green"", ""yellow""",,33,rod,https://glassalchemy.com/products/citron-3090,,https://cdn.shopify.com/s/files/1/0965/6730/products/Citron_794370d6-0eb4-4c7d-b27d-26e0c67da044.jpg?v=1607814081,
GA,GA-000,Clear,,,"Our clear frit is 100% crushed Simax, which is the clear we recommend to get optimal results from silver containing colors. This frit product is offered in 5 grade sizes.","""clear""",,33,frit,https://glassalchemy.com/products/clear-frit,,https://cdn.shopify.com/s/files/1/0965/6730/products/000_clearfrit_group_bb74c60e-7d86-40a5-b9b6-eac4ab07ad01.jpg?v=1608677798,
GA,GA-510,Cobalt Lite,,,"The lightest of the Glass Alchemy cobalt colors Cobalt Lite, 510 was designed to provide artists with a density that could be gathered for large sculptural pieces. Working Tip: Work in neutral flame to avoid reduction (gray streaks). Artist Description by Mike Shelbo: ""This color is, quite simply, just a nice water blue transparent. Working characteristics are just like working clear glass. For blowing or solid sculpture, color can be worked extensively without encasement. When blown out thin enough the blue tint will be less visible. Cobalt Lite is a great color for studying how heat is soaked in to the core of your piece. The shift in color as heating penetrates the layers of thickness in your work will show you how quickly you can warm, or flash, your work and have the core warm-up without losing any sharp detail you may have on the surface."" - Mike Shelbo","""blue"", ""reducing""",,33,rod,https://glassalchemy.com/products/cobalt-lite-510,,https://cdn.shopify.com/s/files/1/0965/6730/products/510_bf7d6357-b11b-4e0b-92dd-ba33065dc589.jpg?v=1607379401,
GA,GA-511,Cobalt-1,,,"The second lightest of the Glass Alchemy cobalt colors, Cobalt-1, 511 is a vibrant blue suitable for small sculpture, hobnails and beads. Working Tip: Work in neutral flame to avoid reduction (gray streaks). Artist Description by Mike Shelbo: ""Almost a water blue transparent, this Cobalt tint is faint enough to let just the right amount of light through yet dark enough to be vibrant. Works smooth and melts with ease; very similar to working a clear rod. Will retain heat and soak in heat very well."" - Mike Shelbo","""blue"", ""reducing""",,33,rod,https://glassalchemy.com/products/cobalt-1-511,,https://cdn.shopify.com/s/files/1/0965/6730/products/511_7f85abeb-8dc7-497b-83cc-a5373dcec6f9.jpg?v=1607379920,
GA,GA-513,Cobalt-3,,,"Lighter than Cobalt-4, Cobalt-3 is a nice middle of the road Cobalt Blue. We are introducing this color to provide artists with a nice in-between color, suitable for many applications. Darker than Brilliant Blue, lighter than Cobalt-4, Cobalt-3 is the best of all worlds. Working Tip: Work in neutral flame to avoid reduction (gray streaks).","""blue"", ""reducing""",,33,rod,https://glassalchemy.com/products/cobalt-3-513,,https://cdn.shopify.com/s/files/1/0965/6730/files/A-513_Cobalt_3.jpg?v=1756417962,
GA,GA-514,Cobalt-4,,,"Cobalt-4, 514 was designed to provide artists with the ideal cobalt blue for small blown work and old school surface work. Working Tip: Work in neutral flame to avoid reduction (gray streaks). Artist Description by Mike Shelbo: ""Cobalt-4 is a choice color for applications that will be blown out thin or when the color is all on the surface. This color is still light enough to see through when the thickness of color is 8mm or less. Over reduction with heavy propane flame will leave minor grey streaks but working with a neutral flame will prevent this from happening. This is a great color to encase other colors with and pull into smaller cane. Try encasing Paparazzi with this color and pull stringers out for a nice subtle tint. Use this technique over opaques and Crayon colors for a variety of new possibilities."" - Mike Shelbo","""blue"", ""reducing""",,33,rod,https://glassalchemy.com/products/cobalt-4-514,,https://cdn.shopify.com/s/files/1/0965/6730/products/514_9b2db189-191b-4e72-ac35-9462991d4200.jpg?v=1607380287,
GA,GA-515,Cobalt-5,,,"One of our most popular cobalt colors, Cobalt-5, 515 provides the artist with a highly saturated, easy to work blue. Working Tip: Work in neutral flame to avoid reduction (gray streaks). Artist Description by Mike Shelbo: ""Cobalt-5 is very dense in color concentration, yet not as stiff in workability as Cobalt-6. Be sure to use a neutral flame with this color as it can be susceptible to over reduction that will leave grey patches or streaks. Cobalt-5 is great for stringers and blown work that will leave you with a true deep cobalt. Sandwich between clear layers and blow out thin for a vibrant and beautiful cobalt blue transparent. Works nicely, and melts easily into itself with no mark or sign of where glass was added. My favorite Cobalt-5 quality is that it shines through the color when it is brightly back lit."" - Mike Shelbo","""blue"", ""reducing""",,33,rod,https://glassalchemy.com/products/cobalt-5-515,,https://cdn.shopify.com/s/files/1/0965/6730/products/515_4cbad061-40f8-479d-8112-6a7bb118fb06.jpg?v=1607804486,
GA,GA-516,Cobalt-6,,,"Cobalt-6, 516 was one of our early releases. The darkest of the Glass Alchemy cobalt colors we were faced with, ""how dark is too dark""? We had the millifiori maker and the stringer puller in mind when we developed this color. Now one of our most popular colors, it is used by many anytime they need a denser dark color. Working Tip: Work in neutral flame to avoid reduction (gray streaks). Artist Description by Mike Shelbo: ""A stiff, dense translucent cobalt blue, Cobalt-6 is so dense in color saturation that it seems black. When drawn down into extremely thin threads, it will still remain a deep cobalt blue transparent. Keep Cobalt-6 in the outer region of your flame length, in a mix of gas that will not reduce the color if used without encasement. Grey streaks or patches could develop from too much propane in your torch flame, so using a neutral flame is best. Cobalt-6 can be sandwiched between clear and blown out very thin while still having an intensely deep cobalt blue color. Light transmitting through Cobalt-6 when color layer is thin enough is very rich and pleasing."" - Mike Shelbo","""blue"", ""reducing""",,33,rod,https://glassalchemy.com/products/cobalt-6-516,,https://cdn.shopify.com/s/files/1/0965/6730/products/516_b6fe2600-2b8b-4361-89ab-33709dd01b2b.jpg?v=1607380857,
GA,GA-5625,Cotton Candy,,,"Cotton Candy is a CFL shifter on a pastel base. This color is creamy and easy to work. Violet under natural light, the color will shift to a soft blue under CFL. Working Tip: Be sure not to get this color too hot when in a thin application as to not cook out the pastel base and turn it transparent. Work in a neutral flame. Blow outs work best with the pastel colors. Note: Thomas' Test Lab contains good quality glass. The color formulation is still not final and final QC parameters have not been set.","""cfl""",,33,rod,https://glassalchemy.com/products/cotton-candy,,https://cdn.shopify.com/s/files/1/0965/6730/products/NG-5625CottonCandy_Fade.jpg?v=1610477249,
GA,GA-4695,Crippy,,,"This Next-Gen is a level up of one of our original transparent colors, Kryptonite. Using next level production techniques, Crippy has a high refractive index and optical clarity found in our Next-Gen line. Working Tip: For best results, work in a neutral flame. Artist Description by Mike Shelbo: ﻿""Crippy is a rich and vibrant transparent green that has little to zero air content and high clarity. This color is extremely workable in all situations including hollow, solid and long working projects. It can be used with or without encasement in clear. It is crucial in the rainbow palette of Next-Generation Transparents from Glass Alchemy and when blending with other cool colors. Crippy can be blown out thin for a strong green tint over clear, white or other colors. This color is great for layering and fades as well. Don't overwork in a heavy propane flame and on a project with long working time, lower your kiln holding temperature to 980-1015 F, until it's time to anneal at 1040 F. Crippy is beautiful when paired with Sno White, Lemon Drop or Purple Rain as well as many other colors both opaque and transparent."" - Mike Shelbo","""unknown""",,33,rod,https://glassalchemy.com/products/crippy-4695,,https://cdn.shopify.com/s/files/1/0965/6730/products/Crippy_c07ab0e5-0495-4582-af98-eb3a42f732b1.jpg?v=1607557509,
GA,GA-TTL-DLion,Dandelion,,,"Dandelion is a soft, sunny cadmium based yellow that comes alive when worked, striking to a warmer yellow than the rod. The seeded texture adds depth and character. Working Tip: Pre-heat in outer flame. Avoid rapid heating.","""striker""",,33,rod,https://glassalchemy.com/products/dandelion,,https://cdn.shopify.com/s/files/1/0965/6730/files/Dandelion.jpg?v=1760575124,
GA,GA-9958,Disco Sparkle,,,"Disco Sparkle, 9958 is an exciting sparkle color. It is a concentrated silver metallic color in a clear base. This allows Disco Sparkle, 9958 to be mixed into almost any color. While many people use the color full strength, others mix it down as much as 10 parts of clear (or color) to 1 part of Disco Sparkle, 9958. Even if using the rod full strength it is best to remix the color prior to using for a smooth, highly reflective surface. Working Tip: Disco likes to be worked cool as to avoid yellowing... Treat it like a Crayon color. Artist Description by Mike Shelbo: ""This is the sparkle color of all sparkle colors. Glass Alchemy created this color for several reasons. It can be worked into and mixed with other colors to create your own new sparkle colors. Disco Sparkle can be worked without encasement for an extremely dense sparkle finish that is smooth to the touch but looks as though there is a textured surface. For a wide variety of uses, I melt and condense a rod of 7mm Disco Sparkle into smaller thicker sections and use a thin encasement of clear 3mm rod and redraw out to desired cane size, usually about 4mm. This leaves you with an easily workable and still very dense sparkle finish. Take the ratio of five inches of 7mm clear rod and a half inch of Disco Sparkle and mix thoroughly for the look of a light amount of sparkle needed to accent or encase another color. If you plan to blow Disco Sparkle out into thin bubbles make sure to encase in clear. Disco Sparkle can also handle encasement under thick clear."" - Mike Shelbo","""luster"", ""sparkle""",,33,rod,https://glassalchemy.com/products/disco-sparkle-9958,,https://cdn.shopify.com/s/files/1/0965/6730/products/9958_726cdadd-16f6-4067-9d93-222c00541076.jpg?v=1608595531,
GA,GA-4625,Double Dose,,,"This is a Double Dose of Antidote! If you like Antidote, you will like this deeper, richer pastel green. Working Tip: Be sure not to get this color too hot when in a thin application as to not cook out the pastel base and turn it transparent. Work in a neutral flame. Blow outs work best with the pastel colors.","""unknown""",,33,rod,https://glassalchemy.com/products/double-dose-4625,,https://cdn.shopify.com/s/files/1/0965/6730/products/DoubleDose-7.19Reshoot.jpg?v=1607647212,
GA,GA-7462,Double Dragon Hoodie,,,"A soft and comfy unisex hoodie that fits all your hoodie needs. The Bella + Canvas fleece fabric makes it a great partner all year round. • 52% airlume combed and ring-spun cotton, 48% poly fleece* • Hood • Side seamed • Retail fit *Heather Colors: 60% airlume combed and ring-spun cotton, 40% poly fleece The male model is wearing size M. He's 6.0 feet (183 cm) tall, chest circumference 42.5"" (108 cm), waist circumference 33.5"" (85 cm). The female model is wearing a size M. She's 5.8 feet (178 cm) tall, chest circumference 34.6"" (88 cm), waist circumference 27.1"" (69 cm) and hip circumference 37.7"" (96 cm). * Merch orders ship separately.","""unknown""",,33,rod,https://glassalchemy.com/products/double-dragon-hoodie,,https://cdn.shopify.com/s/files/1/0965/6730/products/unisex-pullover-hoodie-black-5fda7b797d018.jpg?v=1608153983,
GA,GA-5982729,Double Dragon Mug,,,"Whether you're drinking your morning coffee, your evening tea, or something in between – this mug's for you! This ceramic mug is sturdy and glossy with a vivid print that'll withstand the microwave and dishwasher. * Merch orders ship separately.","""unknown""",,33,rod,https://glassalchemy.com/products/double-dragon-mug,,https://cdn.shopify.com/s/files/1/0965/6730/products/mockup-de43aedd.jpg?v=1611771245,
GA,GA-783,Double Passion,,,"Double Passion provides the artist with an easy to control amber to purple striking color. Since Double Passion is less saturated than its older sibling Triple Passion, it does not strike as dark as fast, providing you with the opportunity to develop intense pink and magenta colors. Working Tip: Get this color white hot to erase the striking history. A variety of effects are achievable depending on how long you flame/kiln strike. Artist Description by Mike Shelbo: ""This transparent color can strike and shift in color simultaneously because of the perfect mix of ingredients similar to those found in Triple Passion. Striking a bit slower than its Triple counterpart, you can see more yellows, ambers, oranges and pinks. The amount of silver in the color allows you to have a surface buildup of wispy and cloudy bursts of light blues and cream colors that can be controlled by the amount of propane in your torch flame setting. When worked very hot, you are left with an intense pink or magenta color. Your Double Passion will transmit light of different colors depending on how much the base color strikes and how much silver you let rest on the surface. This color works well in blown or solid application, with or without encasement."" - Mike Shelbo","""amber-purple"", ""purple"", ""red"", ""striker""",,33,rod,https://glassalchemy.com/products/double-passion-783,,https://cdn.shopify.com/s/files/1/0965/6730/products/783_9529548a-2099-4dbb-afc7-f3bd46746adf.jpg?v=1608590249,
GA,GA-5981,Dragon Tears,,,"Dragon Tears is a transparent blue silver. This color is playful, while remaining transparent once worked. Working Tip: Work in a neutral flame and use a slightly reducing flame to bring the silver effects to the surface. Long kiln times will darken the effects, the base color will stay the same. Note: Thomas' Test Lab contains good quality glass. The color formulation is still not final and final QC parameters have not been set.","""reducing""",,33,rod,https://glassalchemy.com/products/dragon-tears,,https://cdn.shopify.com/s/files/1/0965/6730/products/SolaraDream_Pipe_a98a7016-0a56-4bbb-9341-59fbee47b6f0.jpg?v=1650562168,
GA,GA-1939,Dragon's Blood,,,"Dragon's Blood, 1939 is a self striking ruby color. This color has been designed to strike back to a rich ruby red in the flame. If you are looking for a less intense version to use in thicker applications, try Half Blood, 1933. Working Tip: This color will strike back as it cools. Dragon’s Blood will strike to a deeper red in the flame or kiln Artist Description by Mike Shelbo:""This is a color I have been waiting to get my hands on for some time. It is a self striking deep ruby that does not over strike or liver. Dragon's Blood can be used in all applications such as surface work, inside out, solid or hollow sculpture and can be diluted to different consistencies for a brighter ruby finish. An example of this is that the goblin head bead is coiled Dragon's Blood and while still transparent enough to let light transmit through, it strikes to the perfect deep ruby that is dark enough to seem opaque. When experimenting with Dragon's Blood I covered a point of one inch heavy wall clear tube with it and blew it out thin to achieve a lighter, brighter, perfect ruby. When sandwiched between clear layers and blown out you can see the color goes a long way and with the self striking quality of the glass, you are able to see what you can expect from different ratios of color to clear."" - Mike Shelbo","""red"", ""striker""",,33,rod,https://glassalchemy.com/products/dragons-blood-1939,,https://cdn.shopify.com/s/files/1/0965/6730/products/1939_2eb63eab-8235-4fa4-967d-a507dc6d31cb.jpg?v=1607202686,
GA,GA-4838,Dragon's Eye,,,"Dragon's Eye, 4838 is a fantastic surface color that has a wide range of possibilities. This color is a green tone, with enough color changing silver to allow organic shifts without overpowering the base green. If you like Amazon Night, then you will want to try out this tamed down option. Working Tip: Flame or kiln strike at 1075°F. Work neutral; reduce at end for metallic effects. Artist Description by Mike Shelbo: ""This color can be worked either unencased or encased. When working this color unencased I advise using a flame that has a bit more oxygen in the mix than your normal settings. This will allow you to use reduction properly at the end of the piece by increasing the amount of propane in your torch flame. Through reduction your transparent green base glass will push out colors ranging from creamy blues and greens to yellows, oranges, and purples to a metallic rainbow iridescence. Encasement of rod will yield softer tones over green depending on flame settings during the encasement process."" - Mike Shelbo","""luster"", ""reducing"", ""striker""",,33,rod,https://glassalchemy.com/products/dragons-eye-4838,,https://cdn.shopify.com/s/files/1/0965/6730/products/4838_5ad55a83-270c-4d27-b7af-faec4aa2f26d.jpg?v=1607803160,
GA,GA-772,Dusk,,,"Dusk is a beautiful, purple-blue color. It has a dusky, smoky quality, adding a neutral dynamic to the transparent palette. Working Tip: This is a user friendly color. As always, we suggest working in a neutral flame.","""black"", ""blue"", ""purple""",,33,rod,https://glassalchemy.com/products/dusk-772,,https://cdn.shopify.com/s/files/1/0965/6730/products/Dusk.jpg?v=1607648714,
GA,GA-9977,Eclipse,,,"Eclipse is our most popular, easy to use black. When pulled down thin, Eclipse maintains a smoky black color, versus purple, like Black Violet. Described by many as “bullet proof”, Eclipse does not contain any chrome, so graying and checking are not a major concern. If you need a more saturated black, check out Raven, 9749. Working Tip: This color can handle different flame atmospheres but as always, we recommend working in a neutral flame. Artist Description by Mike Shelbo: “Eclipse is a dense, transparent black that can withstand long working hours and many flame atmospheres. It work smooth and melts into itself without a trace of layering. It is a bit stiffer than clear when blowing it out or drawing it down. Eclipse stringers are black down to 1mm when they appear to be a dense smoky transparent black. A 2mm or 3mm thick layer of Eclipse over any tubing is enough to create the appearance of a solid black colored tube; keeping the clear underneath helps core heat remain while you work and saves on color versus coiled solid color. Reheating as many times as you want and numerous or long hours of kiln cycles don't seem to be an issue with Eclipse. I used it inside and on the back of large marbles with great results. Basically it’s my new go to black. I use GA Raven all the time and now Eclipse will fill tons of those jobs where really long flame exposure time or atmosphere was previously an issue with how my black looked in the finish of the piece. Eclipse stays really black with a super gloss finish that makes it the best and most workable black I have tried in the color palette for today's lampworker.” – Mike Shelbo","""black""",,33,rod,https://glassalchemy.com/products/eclipse-9977,,https://cdn.shopify.com/s/files/1/0965/6730/products/9977_44b6d475-d2f9-4314-887f-603ec5852637.jpg?v=1608660785,
GA,GA-4683,Ectoplasm,,,"Ectoplasm is a bright yellow-green with a touch of fuminess. This color can have different reactions in different flame atmospheres, achieving a range of effects. ﻿Working Tip: ﻿Work in a neutral flame and use a slightly reducing flame to bring the silver effects to the surface. You can also try running this color through multiple kiln cycles to activate the silver. Note: Thomas' Test Lab contains good quality glass. The color formulation is still not final and final QC parameters have not been set.","""reducing""",,33,rod,https://glassalchemy.com/products/ectoplasm,,https://cdn.shopify.com/s/files/1/0965/6730/products/Ectoplasm_Pipe.jpg?v=1665773669,
GA,GA-163,Electric Flamingo,,,This OG UV color is better than ever. Low air content and a vibrant UV pink reaction make Electric Flamingo an all time favorite. Working Tip: Use as a clear layer to add an extra pop to your work.,"""orange"", ""pink"", ""uv""",,33,rod,https://glassalchemy.com/products/electric-flamingo-163,,https://cdn.shopify.com/s/files/1/0965/6730/products/Electric_Flamingo_fade.jpg?v=1607645688,
GA,GA-799,Elixir,,,"Elixir is a beautiful, deep purple under CFL lighting and shifts to blue in natural light. You can also see green in the right light. This is the same formulation as Potion, but on the First-Gen base glass, we are able to offer it to you at a lower price! Working Tip: This is a user friendly color and can withstand long working times. As always, we suggest you use a neutral flame.","""cfl""",,33,rod,https://glassalchemy.com/products/elixir-799,,https://cdn.shopify.com/s/files/1/0965/6730/products/FGT-799Elixir_Fade.jpg?v=1611090077,
GA,GA-5921,Ether,,,"Following the release of Antidote and the kickoff of our Pastel Palette, we brought you Ether!! Ether is an easy to work, pastel blue. Working Tip: Be sure not to get this color too hot when in a thin application as to not cook out the pastel base and turn it transparent. Work in a neutral flame. Blow outs work best with the pastel colors.","""unknown""",,33,rod,https://glassalchemy.com/products/ether-5921,,https://cdn.shopify.com/s/files/1/0965/6730/products/Ether-Final.jpg?v=1607648224,
GA,GA-TTL-ES-1,Experimental Silver #1,,,"We are excited to bring you a series of experimental silver colors that are variations of our Passion series. On the Singular to Triple Passion spectrum, Experimental Silver #1 is on the lighter side. Expect it to stay in the yellow range, with hints of light amber. If you like this one, please let us know so we can make it again!! Working Tip: Get this color white hot to erase the striking history. A variety of effects are achievable depending on how long you flame/kiln strike.","""gray"", ""striker""",,33,rod,https://glassalchemy.com/products/experimental-silver-1,,https://cdn.shopify.com/s/files/1/0965/6730/files/ExpSilver-1.jpg?v=1756417872,
GA,GA-TTL-ES-2,Experimental Silver #2,,,"We are excited to bring you a series of experimental silver colors that are variations of our Passion series. On the Singular to Triple Passion spectrum, Experimental Silver #2 is more reactive than #1. Expect to push into the Amber range with some hints of Purple. If you like this one, please let us know so we can make it again!! Working Tip: Get this color white hot to erase the striking history. A variety of effects are achievable depending on how long you flame/kiln strike.","""gray"", ""striker""",,33,rod,https://glassalchemy.com/products/experimental-silver-2,,https://cdn.shopify.com/s/files/1/0965/6730/files/ExpSilver-2.jpg?v=1756417839,
GA,GA-TTL-ES-3,Experimental Silver #3,,,"We are excited to bring you a series of experimental silver colors that are variations of our Passion series. Experimental Silver #3 is a reactive amber-purple color. Have fun, and if you like this one, please let us know so we can make it again!! Working Tip: Get this color white hot to erase the striking history. A variety of effects are achievable depending on how long you flame/kiln strike.","""amber-purple"", ""gray"", ""striker""",,33,rod,https://glassalchemy.com/products/experimental-silver-3,,https://cdn.shopify.com/s/files/1/0965/6730/files/ExpSilver-3.jpg?v=1756417799,
GA,GA-TTL-ES-4,Experimental Silver #4,,,"We are excited to bring you a series of experimental silver colors that are variations of our Passion series. Experimental Silver #4 is a reactive amber-purple color. Have fun, and if you like this one, please let us know so we can make it again!! Working Tip: Get this color white hot to erase the striking history. A variety of effects are achievable depending on how long you flame/kiln strike.","""amber-purple"", ""gray"", ""striker""",,33,rod,https://glassalchemy.com/products/experimental-silver-4,,https://cdn.shopify.com/s/files/1/0965/6730/files/ExpSilver-4.jpg?v=1757708902,
GA,GA-TTL-ES-5,Experimental Silver #5,,,"We are excited to bring you a series of experimental silver colors that are variations of our Passion series. Experimental Silver #5 is a reactive amber-purple color. Have fun, and if you like this one, please let us know so we can make it again!! Working Tip: Get this color white hot to erase the striking history. A variety of effects are achievable depending on how long you flame/kiln strike.","""amber-purple"", ""gray"", ""striker""",,33,rod,https://glassalchemy.com/products/experimental-silver-5,,https://cdn.shopify.com/s/files/1/0965/6730/files/ExpSilver-5.jpg?v=1757709944,
GA,GA-TTL-ES-6,Experimental Silver #6,,,"We are excited to bring you a series of experimental silver colors that are variations of our Passion series. Experimental Silver #6 is an extra rich reactive amber-purple color. Have fun, and if you like this one, please let us know so we can make it again!! Working Tip: Get this color white hot to erase the striking history. A variety of effects are achievable depending on how long you flame/kiln strike.","""amber-purple"", ""gray"", ""striker""",,33,rod,https://glassalchemy.com/products/experimental-silver-6,,https://cdn.shopify.com/s/files/1/0965/6730/files/ExpSilver-6.jpg?v=1757710058,
GA,GA-TTL-ES-7,Experimental Silver #7,,,"We are excited to bring you a series of experimental silver colors that are variations of our Passion series. Experimental Silver #6 is an extra rich reactive amber-purple color. Have fun, and if you like this one, please let us know so we can make it again!! Working Tip: Get this color white hot to erase the striking history. A variety of effects are achievable depending on how long you flame/kiln strike.","""amber-purple"", ""gray"", ""striker""",,33,rod,https://glassalchemy.com/products/experimental-silver-7,,https://cdn.shopify.com/s/files/1/0965/6730/files/ExpSilver-7.jpg?v=1757710463,
GA,GA-6163,Logo Cuffed Beanie,,,"A snug, form-fitting beanie with an embroidered GA logo. It's not only a great head-warming piece but will help keep you warm in your studio during winter. 100% Turbo Acrylic 12"" in length Hypoallergenic Unisex style * Merch orders ship separately.","""unknown""",,33,rod,https://glassalchemy.com/products/cuffed-beanie,,https://cdn.shopify.com/s/files/1/0965/6730/products/cuffed-beanie-black-5fda7f05da827.jpg?v=1608154890,
GA,GA-9625,Glow Stick,,,"Similar in color to Glue Stick, Glow Stick has a denser white base with an intense hot pink UV pop. Glow Stick is a great all around color and sculpts like a breeze. Working Tip: Be sure not to get this color too hot when in a thin application as to not cook out the pastel base and turn it transparent. Work in a neutral flame. Blow outs work best with the pastel colors.","""uv""",,33,rod,https://glassalchemy.com/products/glow-stick-9625,,https://cdn.shopify.com/s/files/1/0965/6730/products/GlowStick_Fade_8eb5ca8c-1ed9-4f90-9071-f08248d1fb3a.jpg?v=1607649636,
GA,GA-9623,Glue Stick,,,Glue Stick is a semi-transparent pastel white. You can expect a similar working experience as Ether and Mystique. Working Tip: Be sure not to get this color too hot when in a thin application as to not cook out the pastel base and turn it transparent. Work in a neutral flame. Blow outs work best with the pastel colors.,"""unknown""",,33,rod,https://glassalchemy.com/products/glue-stick-9623,,https://cdn.shopify.com/s/files/1/0965/6730/products/GlueStick_3eeda8db-811c-49c8-9133-083cee78acbd.jpg?v=1607649379,
GA,GA-773,Grape,,,"Grape, 773 was one of the first purple tones in the borosilicate palette. Grape, 773 is a dark translucent rod and the rich nature of its color really pops when applied over Sno White. In sculpture it will reflect black and transmit purple light. Working Tip: Work in neutral flame to avoid reduction (gray streaks). Artist Description by Mike Shelbo: ""This transparent purple is a what you see is what you get color that works amazingly. I love Grape for coiling bubbles and making solid color tubing sections, also for solid sculpture and marble work. Grape is one of the only borosilicate colors available that works almost identically to clear glass in the way that it is smooth and creamy, melts easily, holds its heat very well and can be worked for very long amounts of time in the flame and kiln without any fatigue to the surface of the glass. Use with Glass Alchemy Singular Passion for overlays and GA Paparazzi for unique honeycombing and surface patterning."" - Mike Shelbo","""reducing""",,33,rod,https://glassalchemy.com/products/grape-773,,https://cdn.shopify.com/s/files/1/0965/6730/products/773_d56ce5c2-c89b-44a7-9ece-547d5e22c0c6.jpg?v=1608589830,
GA,GA-1933,Half Blood,,,"Half Blood, 1933 is a half strength version of the much loved self striking Dragon's Blood. This color has been designed to strike back to a rich ruby red in the flame. Working Tip: This color will strike back as it cools. Half Blood will strike to a deeper red in the flame or kiln. Artist Description by Mike Shelbo:""The half strength equivalent to GA Dragon’s Blood, this is an essential for my color palette. I have always been a fan of deep copper rubies and when GA Half Blood emerged I was excited to have a beautiful striking copper ruby that was more prone to staying vibrant and transparent than going dark or toward liver when worked for a long time. I have been able to get an array of finishes from different combinations of color layer thickness and kiln time and temperature. Half Blood works well in all hollow and solid applications and under deep encasement. So far my favorite combinations with GA Half Blood are when it is paired with either GA Paparazzi or GA Agua Mist."" - Mike Shelbo","""red"", ""striker""",,33,rod,https://glassalchemy.com/products/half-blood-1933,,https://cdn.shopify.com/s/files/1/0965/6730/products/1933_2ef19978-1bc0-44e2-b92c-5148b4a16240.jpg?v=1606328258,
GA,GA-TTL-Halo,Halo,,,Halo is a beautiful transparent light yellow. This color is designed to stay yellow once kiln or flame struck. Working Tip: Flame or Kiln Strike,"""striker""",,33,rod,https://glassalchemy.com/products/halo,,https://cdn.shopify.com/s/files/1/0965/6730/files/Halo_b98d73d1-1c04-4a01-9641-cf46a6928892.jpg?v=1761090898,
GA,GA-4693,Haterade,,,"Haterade is a transparent green that looks great in thick applications. The refractive index and optical clarity of this color make it stand apart from the rest. Working Tip: Try layering Haterade to achieve a green tint, or using it in thick solid sections to achieve a vibrant green. Artist Description by Mike Shelbo: “Haterade is a transparent what you see is what you get, vibrant light green with a very high clarity level.Stable and workable, this color lends itself well to both blown and solid work. Haterade can act as a tint over clear or color; you can also gather it up for thick lenses or colored tubing. When drawn down to a stringer, Haterade will be a very light green. The vibrancy of this color shows up in different ways when transmitting and reflecting natural light and the high refractive index on it helps the color to pop in certain shapes, similar to fiber optics or prisms.Haterade is able to hold up under all flame atmospheres and in long working times both on the torch and in the kiln. Haterade is beautiful when paired next to the lineup of GA Purple Rain, GA Rozay, GA Brilliant Blue and Lemon Drop, among others for the candy clear transparent palette.” – Mike Shelbo","""unknown""",,33,rod,https://glassalchemy.com/products/haterade-4693,,https://cdn.shopify.com/s/files/1/0965/6730/products/Haterade.jpg?v=1607470876,
GA,GA-2090,Hot Sauce,,,"Hot Sauce is a semi-transparent, vibrant orange. This color will add a little spice to your work! Working Tip: Pre-heat in outer flame. Avoid rapid heating.","""unknown""",,33,rod,https://glassalchemy.com/products/hot-sauce-2090,,https://cdn.shopify.com/s/files/1/0965/6730/products/HotSauce-Oct22.jpg?v=1665778148,
GA,GA-4598,Jackpot,,,"Jackpot is a super saturated sparkle color. If you like Paparazzi but wish it was denser, then Jackpot is the color for you! This color holds up well in encasement and can be mixed with other colors to create custom super sparkle colors! Working Tip: This color likes to be worked cool, but make sure you have your heat base built up while tooling or manipulating the glass to avoid developing a gray haze. As with all chrome colors, we suggest you work this color in a neutral flame. Garage at 975° F, Anneal at 1050° F. Artist Description by Mike Shelbo: “GA Jackpot has large flakes of sparkle giving this transparent deep money green an intense shimmer and wide spectrum of reflective color. Whether you stripe, coil, mash, layer, twist or swirl this color you can actually see the effect in the look of the sparkle. An example would be the tight satin like pattern that is formed when compressing the rod while spinning. Think of each sparkle flake as a small flat chip that can either be stacked on top of one another or laid side by side, each manipulation changing the “look” or finish. You can achieve a larger flake or sparkle when the rod is applied and worked in flat without much manipulation. This color is great for every application including solid work, with or without encasement. Hollow forms will yield a beautiful array of effects depending on the thickness in color layer. When blown thin or stretched down into a thin stringer or veil, Jackpot will be transparent yet still lend a lot of sparkle to the finished look. Do not use an extremely high mix of propane when Jackpot is being worked for long periods of time in the flame without encasement, the result would be a slight grey just on top of your brilliant base color. At any time, a thin layer of clear over Jackpot will often ""brighten"" it up a bit and the encasement always helps amplify the sparkle while leaving your surface clean and crisp. Jackpot can be encased in thick clear for marbles and sculptures. Layer under other more transparent colors such as GA Double Passion and GA Brilliant Blue for wonderful results.” – Mike Shelbo","""sparkle""",,33,rod,https://glassalchemy.com/products/jackpot-4598,,https://cdn.shopify.com/s/files/1/0965/6730/products/4598_9a6b7566-e3ce-4b8b-8a25-b91240e3338a.jpg?v=1607802278,
GA,GA-103,Ketchup,,,Ketchup is a bright vibrant red that is great for sculptural applications. This highly workable color is less dense than Red Crayon and will look translucent in thin applications. Working Tip: Pre-heat in outer flame. Avoid rapid heating.,"""orange"", ""red""",,33,rod,https://glassalchemy.com/products/ketchup-103,,https://cdn.shopify.com/s/files/1/0965/6730/products/NG-103Ketchup.jpg?v=1615319845,
GA,GA-461,Kryptonite,,,"This color was originally retired and replaced by Crippy because it wasn't the same gem quality in comparison to Purple Rain and other Next-Gens. We are bringing this color back as part of our First-Gen line because it is an oldie but goodie! If you have not tried this color before, Kryptonite is a beautiful Kelly Green. Working Tip: This is a user friendly color and can withstand long working times. As always, we suggest you use a neutral flame.","""unknown""",,33,rod,https://glassalchemy.com/products/kryptonite-461,,https://cdn.shopify.com/s/files/1/0965/6730/products/FGT-461Kryptonite.jpg?v=1611088986,
GA,GA-462,Kryptonite-2002,,,"We're taking you in the Way Back machine with this one. Do you love Kryptonite, but miss the original, more yellowish color? We got you covered!! Kryptonite 2002 is the formula we made back in the day and we are bringing it back as part of our First-Gen line! If you want the kelly green version, check out the standard Kryptonite option. Working Tip: This is a user friendly color and can withstand long working times. As always, we suggest you use a neutral flame.","""unknown""",,33,rod,https://glassalchemy.com/products/kryptonite-2002-462,,https://cdn.shopify.com/s/files/1/0965/6730/products/FGT-462Kryptonite2002.jpg?v=1611089197,
GA,GA-309,Lemon Drop,,,This is the old school Lemon Drop you know and love (and miss). We are excited to have this semi-transparent cadmium based yellow back in our palette. Working Tip: Try adding a thin layer of clear if you are experiencing surface issues. Blowouts are recommended for a cleaner look.,"""yellow""",,33,rod,https://glassalchemy.com/products/lemon-drop-309,,https://cdn.shopify.com/s/files/1/0965/6730/products/FGT-309LemonDrop.jpg?v=1611087653,
GA,GA-TTL-LM,Light Marigold,,,"This soft, transparent orange has a touch of subtle warmth. This is a less refined cadmium color, with a seeded look, creating a playful texture. Working Tip: Pre-heat in outer flame. Avoid rapid heating.","""unknown""",,33,rod,https://glassalchemy.com/products/lite-marigold,,https://cdn.shopify.com/s/files/1/0965/6730/files/Light_Marigold.jpg?v=1760574383,
GA,GA-409,Lime Drop,,,"The release of the First-Gen Lemon Drop was so well received, we released a green version! Lime Drop is a beautiful, limey green that goes great with the OG favorite, Lemon Drop! Working Tip: Try adding a thin layer of clear if you are experiencing surface issues. We recommend blow outs for optimal results.","""green"", ""yellow""",,33,rod,https://glassalchemy.com/products/lime-drop-409,,https://cdn.shopify.com/s/files/1/0965/6730/products/FGT-409LimeDrop.jpg?v=1611088303,
GA,GA-864,Lite Sienna,,,This is a lighter version than our standard color Sienna Brown. Working Tip: Work in neutral flame to avoid reduction,"""brown"", ""orange"", ""red"", ""reducing""",,33,rod,https://glassalchemy.com/products/lite-sienna,,https://cdn.shopify.com/s/files/1/0965/6730/files/SA-Jgedits.jpg?v=1761424466,
GA,GA-LOC-MW-R,Milk White,,,This is an off shade of Sno White. Expect rods to be slightly off white with a hint of transparency. Working Tip: We recommend working in a neutral flame.,"""white""",,33,rod,https://glassalchemy.com/products/milk-white,,https://cdn.shopify.com/s/files/1/0965/6730/files/A-9995SnoWhite.jpg?v=1761681501,
GA,GA-5924,Mystique,,,"Darker than Ether, Mystique offers the same great working properties with a richer blue pastel base. Working Tip: Be sure not to get this color too hot when in a thin application as to not cook out the pastel base and turn it transparent. Work in a neutral flame. Blow outs work best with the pastel colors.","""unknown""",,33,rod,https://glassalchemy.com/products/mystique-5924,,https://cdn.shopify.com/s/files/1/0965/6730/products/Mystique_3e49e79e-d3cf-4645-8525-9185ccf9adba.jpg?v=1607648503,
GA,GA-7672,Nightshade,,,"Nightshade is a deep, royal purple. Darker than Purple Rain, this color is a great addition to the palette and works great in all flame atmospheres. ﻿Working Tip: ﻿Try layering Nightshade to achieve a purple tint, or use it in thick solid sections to achieve a deep, royal purple.","""black"", ""purple""",,33,rod,https://glassalchemy.com/products/nightshade-7672,,https://cdn.shopify.com/s/files/1/0965/6730/products/Nightshade.jpg?v=1607644179,
GA,GA-4126,Nimbus,,,"Nimbus is a copper free, pastel blue-green. Based on our color Atlantis, Nimbus is an easy to work color, with no fear of REDuction. If you like Zen, but don't want to worry about reduction, then Nimbus is the color for you. Working Tip: Be sure not to get this color too hot when in a thin application as to not cook out the pastel base and turn it transparent. Work in a neutral flame. Blow outs work best with the pastel colors. Artist Description by Mike Shelbo: ""Nimbus is a translucent pastel blue-green with a soft tone. Based on a milky aquamarine color, Nimbus is subject to a variety of looks based on thickness of the color layer and techniques used to manipulate it. Nimbus handles well with or without encasement. Coiled bubbles will show coil lines whereas a blowout will produce a smooth opalescent finish. It is copper free, so it won’t go red from propane reduction. Easy to work and quick to melt, this pastel is perfect for the job when you want something with range and stability."" - Mike Shelbo","""gray"", ""reducing"", ""white""",,33,rod,https://glassalchemy.com/products/nimbus-4126,,https://cdn.shopify.com/s/files/1/0965/6730/products/Nimbus_d80efc0c-9e4c-4a58-a118-9068ca6777c0.jpg?v=1607646370,
GA,GA-203,OJ,,,OJ is a bright vibrant orange that is great for sculptural applications. This highly workable color is less dense than Orange Crayon and will look translucent in thin applications. Working Tip: Pre-heat in outer flame. Avoid rapid heating.,"""unknown""",,33,rod,https://glassalchemy.com/products/oj-203,,https://cdn.shopify.com/s/files/1/0965/6730/products/NG-203OJ.jpg?v=1615320069,
GA,GA-406,Olive Green Crayon,,,"Olive Green Crayon, is a darker version of Chartreuse Crayon, 403. A dense, cadmium based green with yellow undertones. It is great for all applications and will remain dense when pulled down thin. This color is easy to work and is safe in all applications. Working Tip: Pre-heat in outer flame. Avoid rapid heating. Artist Description by Mike Shelbo: ""What you see is what you get here and what you get is an Olive Green that is straight out of the martini glass. Vibrant green opaque glass that when used with Red Crayon would perfectly replicate the color combo found in that which is shaken not stirred. This color works smooth and creamy. Works like other crayon colors and prefers to be in the mid to outer region of the flame, but can come close to the torch tip in quick passes and light repeated spot heats. Lends well to sculptural work and blown work with 2mm or thicker color application. This color can also be blown thin between two layers of clear for a translucent effect. Olive Green Crayon, 406 when applied onto itself for bitwork or color design build-up, melts in well. It will not sublime or boil if you work it in slowly or help move things along with a graphite or metal tool."" - Mike Shelbo","""brown"", ""green"", ""luster""",,33,rod,https://glassalchemy.com/products/olive-green-crayon-406,,https://cdn.shopify.com/s/files/1/0965/6730/products/ChartreuseCrayon.jpg?v=1607814997,
GA,GA-204,Orange Crayon,,,"Orange Crayon is a dense, vibrant opaque cadmium based orange. It is great for all applications and will remain dense when pulled down thin. Working Tip: Pre-heat in outer flame. Avoid rapid heating. Artists Description by Mike Shelbo: ""True to the name, this Crayon color is as Orange as it gets. Orange Crayon, 204 is a dense opaque color that holds up well in thin, blown applications and stringers. The color works very creamy and smooth if you work the rod in the appropriate area of your torch flame. It can be worked in a variety of flame settings. Try not to work this color very close to the torch tip in a sharp intense flame for long exposures of time unless it is with quick passes over the area you are trying to melt. Encasement in clear will add volume to your color because only a thin application of Orange Crayon is needed for a solid opaque covering. Likewise, coating thick clear rod in Orange Crayon will yield larger or more opaque glass to sculpt with."" - Mike Shelbo","""orange""",,33,rod,https://glassalchemy.com/products/orange-crayon-204,,https://cdn.shopify.com/s/files/1/0965/6730/products/OrangeCrayon_07de2afb-7376-4de7-8b9b-0aa23bf389ef.jpg?v=1607811539,
GA,GA-581,Ozone,,,"Ozone has a light blue transparent base with a touch of silver. We added a little something extra to provide a unique fume layer and strike. Working Tip: This is a user friendly color and can withstand long working times. As always, we suggest you use a neutral flame.","""striker""",,33,rod,https://glassalchemy.com/products/ozone-581,,https://cdn.shopify.com/s/files/1/0965/6730/products/FGT-581Ozone.jpg?v=1611089353,
GA,GA-4595,Paparazzi,,,"Paparazzi, 4595 is a highly usable, stable sparkle. A translucent version of Jackpot, a little bit of sparkle goes a long way, so try layering this color. Working Tip: This color likes to be worked cool, but make sure you have your heat base built up while tooling or manipulating the glass to avoid developing a gray haze. As with all chrome colors, we suggest you work this color in a neutral flame. Garage at 975° F, Anneal at 1050° F. Artist Description by Mike Shelbo: ""With sparkle flakes this big there are a lot of possibilities for the finish with GA Paparazzi. What I am referring to is the fact that if you stripe, coil, mash, layer and twist or swirl this color you can actually see the effect in the look of the sparkle. An example would be compressing the rod while spinning one direction without encasement into a marble and the tight satin like pattern that is formed. Another possible finish effect with GA Paparazzi is when the rod is applied and worked flat. Without much manipulation, you will see much larger flakes of sparkle. Think of each sparkle flake as a small flat chip that can either be stacked on top of one another or laid side by side, each manipulation changes the “look” or finish. This color is great for every application including solid with or without encasement. Hollow forms with varying thickness in color layer will yield a beautiful array of effects. When blown thin or stretched down into a thin stringer or veil, Paparazzi will be very transparent yet still lend sparkle to the finishing look. GA Paparazzi pairs elegantly with GA Half Blood."" - Mike Shelbo","""sparkle""",,33,rod,https://glassalchemy.com/products/paparazzi-4595,,https://cdn.shopify.com/s/files/1/0965/6730/products/4595_fbde5fd7-1408-4c26-9c18-acaa560db8ae.jpg?v=1607801598,
GA,GA-788,Passion Extreme,,,"Passion Extreme, 788 is designed to strike deep and dark in a thin application. This highly saturated sibling of Triple Passion is a must have! Working Tip: Get this color white hot to erase the striking history. A variety of effects are achievable depending on how long you flame/kiln strike. Artist Description by Mike Shelbo: ""This rich color has a lot of potential for different finishes depending on whether you kiln strike and/or flame reduce. The base color is similar to GA Triple Passion, but moves into deep purples quickly. This color sometimes reminds me of a concord grape in the way that the light bursts and highlights of ghosty silver-blue appear over a deep warm purple. The purple will become darker and darker the longer it is worked and if your piece goes into the kiln and you still want a darker color, then strike at 1100 F for 15-20 minutes extra. You can always change the look of the top layer of Passion Extreme by blasting a sharp and hot flame onto the surface, immediately cutting through the silver build up and reversing the strike of the ""skin"" of the color. From there it's just in how you expose it to the flame or kiln that will determine the outcome of this wonderful color. Passion Extreme holds up well in blown and solid applications, and thin stringers hold color well. When sandwiched under clear more light blue fumey effects are showcased over the base color. I really like using this color with GA Raven and on top of GA Sno White in a veiled cane."" - Mike Shelbo","""amber-purple"", ""purple"", ""red"", ""reducing"", ""striker""",,33,rod,https://glassalchemy.com/products/passion-extreme,,https://cdn.shopify.com/s/files/1/0965/6730/products/788_c5696cc1-7a8a-455b-b02d-69ab720e35db.jpg?v=1608591355,
GA,GA-7925,Pastel Potion,,,"Just as the name suggests, this is a Pastel version of Potion!! You can see Blue, Purple and even Green with the CFL color shifter. Pastel Potion has quickly become a go to color and is extremely user friendly. Working Tip: Be sure not to get this color too hot when in a thin application as to not cook out the pastel base and turn it transparent. Work in a neutral flame. Blow outs work best with the pastel colors.","""cfl""",,33,rod,https://glassalchemy.com/products/pastel-potion-7925,,https://cdn.shopify.com/s/files/1/0965/6730/products/PastelPotion_Fade_2254c1a9-d6f9-4d59-886e-48225098a9d2.jpg?v=1607649072,
GA,GA-1925,Pastel Serum,,,"Just as the name suggests, this color is a Pastel version of Serum. Expect the same great CFL color shift on a pastel base. Working Tip: Be sure not to get this color too hot when in a thin application as to not cook out the pastel base and turn it transparent. Work in a neutral flame. Blow outs work best with the pastel colors.","""cfl"", ""multicolored""",,33,rod,https://glassalchemy.com/products/pastel-serum-1925,,https://cdn.shopify.com/s/files/1/0965/6730/products/PastelSerum-CFLFade.jpg?v=1607646006,
GA,GA-1625,Pastel Voodoo,,,"Pastel Voodoo is the same great CFL shifter you know and love on a pastel base. This color is creamy and easy to work. A soft dusty rose pink under natural light, the color will shift to a vibrant hot pink under CFL. Working Tip: Be sure not to get this color too hot when in a thin application as to not cook out the pastel base and turn it transparent. Work in a neutral flame. Blow outs work best with the pastel colors. Note: Thomas' Test Lab contains good quality glass. The color formulation is still not final and final QC parameters have not been set.","""cfl""",,33,rod,https://glassalchemy.com/products/pastel-voodoo,,https://cdn.shopify.com/s/files/1/0965/6730/products/PastelVoodooFade.jpg?v=1621529752,
GA,GA-5486,Peacock Chameleon,,,"Peacock Chameleon, 5486 was designed as an organic Prussian blue with subtle color variations, about midway between the Agua Azul and Twilight tones. It has found extensive use in a wide range of sculptural work. Working Tip: Work this color in a neutral flame. Garage at 975° F, Anneal at 1050° F. Artist Description by Mike Shelbo: ""Peacock Chameleon is a rich creamy opaque blue, a shade lighter than. The base glass is dense peacock blue that will thin out to an opalescent, milky look when blown or stretched to less than 2mm thick. The silver in the color will push to the surface as you work in a normal flame setting that will result in bursts and streaks as well as hazes of light blues, greens, and yellow greens. Encasement in clear will trap lustering effects and soften tones of color shifting."" - Mike Shelbo","""blue"", ""green""",,33,rod,https://glassalchemy.com/products/peacock-chameleon-5486,,https://cdn.shopify.com/s/files/1/0965/6730/products/5486_9cc85705-f3fa-434f-99f5-4fd4b6b2aa1b.jpg?v=1608252063,
GA,GA-546,Peacock,,,"Peacock, 546 was designed as part of a series of 6 blues and greens to provide a range of hues and intensities that would work well with each other as well as set off the bright Crayon colors. Working Tip: Work this color in a neutral flame. Garage at 975° F, Anneal at 1050° F. Artist Description by Mike Shelbo: ""Works beautifully, melts smooth and creamy. Peacock is one of my favorite opaque colors Glass Alchemy makes because of how much ease there is in working this color. A peacock blue opaque that can be worked with or without encasement and has natural variations in the finish depending on whether or not you intensely spot heat detail areas of your work before it goes to the kiln. The variations are tints of a bit darker peacock blue that can be controlled by layering color and adding detail, which adds to the natural finished look of the piece. Peacock should be worked like other opaque and Crayon colors, yet will hold up in a more intense and long working session without encasement or need for concern of surface finish."" - Mike Shelbo","""blue"", ""green""",,33,rod,https://glassalchemy.com/products/peacock-546,,https://cdn.shopify.com/s/files/1/0965/6730/products/546_a796878b-3567-40b6-8fc3-213795306d26.jpg?v=1608250873,
GA,GA-2383,Persimmon Strike,,,"Persimmon Strike, 2383 was developed to yield a playful orange. Your intention and skill can determine many outcomes with this color. Consider Persimmon Strike a more amped-up version of Tequila Sunrise. Working Tip: Get this color white hot to erase the striking history. A variety of effects are achievable depending on how long you flame/kiln strike. Artist Description by Mike Shelbo:""This wonderful fusion of color could almost be called a ruby Triple Passion. The striking properties range from rubies to purples and blues, yellows and greens. While working the piece you will see continuous color shifts and you should consider how thick your color application is and at what point you would like the color to stop changing. For example, increased kiln time and temp will strike out the rubies and purples leaving you with a different looking piece that went in the kiln. The mixing of results that you will find as you work this color is just gorgeous. I find myself wanting to keep the array of pinks, oranges, rubies and yellows that earned the persimmon reference, but the light greens and blues that show up during the sculpting process compliment the other colors so well, a delicate balance of intense spot heating and reheating is needed to capture the whole range in one piece. I think that a quick annealing at 1030F is called for when you like the look of the piece going into the kiln. (If it is what you are going for and you do not want it to continue to strike get in and out of the kiln without a long hold.) This color is really fun and has moved into my top favorite Glass Alchemy color list."" - Mike Shelbo","""orange"", ""red"", ""striker""",,33,rod,https://glassalchemy.com/products/persimmon-strike-2383,,https://cdn.shopify.com/s/files/1/0965/6730/products/2383_c6b0b4b2-e275-4564-a927-85448bbe9897.jpg?v=1607796066,
GA,GA-199,Plasma,,,"Plasma is a First-Gen version of Serum. Get the same great CFL color shift at a lower price!! Working Tip:This is a user friendly color and can withstand long working times. As always, we suggest you use a neutral flame.","""cfl"", ""multicolored""",,33,rod,https://glassalchemy.com/products/plasma-199,,https://cdn.shopify.com/s/files/1/0965/6730/products/FGT-199Plasma-Fade.jpg?v=1611086003,
GA,GA-9992,Portland Gray,,,"Portland Gray, 9992 was developed to fill a hole in the borosilicate palette. There were no gray rods available and the pre-forms went almost white... how could you make a believable shark? So we made the first opaque gray; we chose neutral #5 on the gray scale as a starting point. Working Tip: Per-heat in outer flame. Avoid rapid heating. Artist Description by Mike Shelbo: ""This medium gray opaque crayon works amazingly well compared to other opaques and is perfect for solid sculpture when used without encasement. It melts into itself very nicely and can be worked in a variety of flame mixes and regions that allow it to be versatile in all applications. When blown thin enough, the gray will become slightly translucent, this effect is best achieved sandwiching between clear and blowing thin or drawing down. Treat Portland Gray as you would other GA Crayon colors. This is the best gray you can find for monochromatic color schemes."" - Mike Shelbo","""gray""",,33,rod,https://glassalchemy.com/products/portland-gray-9992,,https://cdn.shopify.com/s/files/1/0965/6730/products/9992_bb0c9b6d-0ac2-47d4-8d93-23d33f7c8b37.jpg?v=1608661097,
GA,GA-4697,Portland Green,,,"Darker and richer than Crippy, Portland Green has a high refractive index and optical clarity found in our Next-Gen line. Working Tip: For best results, work in a neutral flame.","""gray"", ""green""",,33,rod,https://glassalchemy.com/products/portland-green-4697,,https://cdn.shopify.com/s/files/1/0965/6730/products/PortlandGreen.jpg?v=1607557945,
GA,GA-7995,Potion,,,"Potion is one of our most popular Next-Gen Colors. This CFL color shifter changes from purple to blue. Depending on the light, you can also see green! If you like Potion, we suggest you check out its more affordable sibling, Elixir! Working Tip: As always, we suggest working in a neutral flame.","""cfl""",,33,rod,https://glassalchemy.com/products/potion-7995,,https://cdn.shopify.com/s/files/1/0965/6730/products/Potion-fade.jpg?v=1607644878,
GA,GA-769,Prince,,,"Prince is a bright and vibrant purple. If you like Purple Rain, but are looking for a cheaper option, then this is your color. Working Tip: This is a user friendly color and can withstand long working times. As always, we suggest you use a neutral flame.","""unknown""",,33,rod,https://glassalchemy.com/products/prince-769,,https://cdn.shopify.com/s/files/1/0965/6730/products/FGT-769Prince.jpg?v=1611089877,
GA,GA-386,Purple Luster,,,"Purple Luster, 386 was designed to provide you with a vibrant purple upon striking. Working Tip: Get this color white hot to erase the striking history. A variety of effects are achievable depending on how long you flame/kiln strike. Artist Description by Mike Shelbo: ""Purple Luster is definitely one of my favorites and can be many colors depending on how you use it. I like the color best unencased because of the ability to use the flame to control how much blue will be on the surface. This color has silver in it, so the amount of reduction you use in your flame settings during the making of the piece will determine how much silver fumes over your work as you manipulate it. Encasement can yield results of softer, more gradient tones."" - Mike Shelbo","""luster"", ""purple"", ""reducing"", ""striker""",,33,rod,https://glassalchemy.com/products/purple-luster-386,,https://cdn.shopify.com/s/files/1/0965/6730/products/A-386PurpleLuster-New.jpg?v=1625176016,
GA,GA-7692,Purple Rain,,,"You know it and love it!! Purple Rain is a vibrant, smooth transparent purple that really pops. Working Tip: Try layering Purple Rain to achieve a purple tint, or use it in thick solid sections to achieve a vibrant purple. Artist Description by Mike Shelbo: “This what you see is what you get transparent is a vibrant purple.Purple Rain builds intensity in vibrancy when used in thick layers or in solid sections. When veiled over clear or another color it will lend a nice tint or hue to the underneath application. When working Purple Rain without encasement, it can easily be worked in a variety of atmospheres and flame settings including sharp direct pinpoint flames often used on welds.The optical qualities to Purple Rain make it a great color for both hollow and solid work. Encalmo it to GA Eclipse or GA Sapphire for great results.” – Mike Shelbo","""purple""",,33,rod,https://glassalchemy.com/products/purple-rain-7692,,https://cdn.shopify.com/s/files/1/0965/6730/products/PurpleRain.jpg?v=1607644450,
GA,GA-381,Quicksilver,,,"A little bit of silver goes a long way! Quicksilver has a touch of silver that looks great as a fume layer. You can use it in solid application to build up a thick opaque looking color. Working Tip: This is a user friendly color and can withstand long working times. As always, we suggest you use a neutral flame.","""unknown""",,33,rod,https://glassalchemy.com/products/quicksliver-381,,https://cdn.shopify.com/s/files/1/0965/6730/products/FGT-381Quicksilver.jpg?v=1611087865,
GA,GA-590,Raindrop,,,"Raindrop has a high refractive index and is reminiscent of a topaz. For best results, this color should be used in a neutral flame. A fresh addition to the boro color palette, Raindrop adds a crisp, eye-catching element to finished work. Working Tip: Work neutral to oxidizing for best results. A reducing flame will cause red streaking. Artist Description by Mike Shelbo: ""Raindrop is a clean and crisp vibrant transparent blue that can be described as a shade of aquamarine. This color works well hollow and solid, layered and on the surface. Raindrop will be stable when encased in clear and the color holds well after being blown out and stretched thin. Once the color layer thickness is below 2mm you have a very light tint. One of my favorite uses is to veil Raindrop over another light color to create pastel shades. When used in sculptural pieces that are exposed to extremely long working times, I recommend a thin encasement of clear over the Raindrop sections. It pairs well with the transparent palette from Glass Alchemy like Haterade, Blue Dream and Grape. "" - Mike Shelbo","""reducing""",,33,rod,https://glassalchemy.com/products/rain-drop-590,,https://cdn.shopify.com/s/files/1/0965/6730/products/RainDrop.jpg?v=1607558971,
GA,GA-201,Rasta Gold Crayon,,,"Rasta Gold Crayon is a vibrant golden tone - the perfect shade between Yellow Crayon and Orange Crayon. Working Tip: Pre-heat in outer flame. Avoid rapid heating Artist Description by Mike Shelbo: ""Rasta Gold Crayon is smooth and creamy when not encased in clear and is not prone to easy boiling. Working Rasta Gold in solid and blown work is great because the color is so dense. It lends well to heavy manipulation and stretching. I will mostly work this color in the center to outer region of the flame but for quick heats with a sharper hotter flame you can bring Rasta Gold Crayon close to the torch tip as long as you move the rod while heating and do not overheat one small spot in particular. Try moving the rod away from the torch tip while running a sharp hot flame if you are trying to weld or spot heat for detail and you want a perfect melt.This color compliments and contrasts well with Shamrock, 4494 as well as many opaque and transparent Glass Alchemy Cobalts and Blues, as well as the other warm Glass Alchemy Crayon colors."" - Mike Shelbo","""yellow""",,33,rod,https://glassalchemy.com/products/rasta-gold-crayon-201,,https://cdn.shopify.com/s/files/1/0965/6730/products/NG-201RastaGoldCrayon.jpg?v=1633635470,
GA,GA-9749,Raven,,,"Raven, 9749 is our densest black. This color can be pulled down to a fine stringer and it still maintains its color saturation. For a saturated black, this is a surprisingly easy color to melt and shape. It does contain chrome, so be sure to take this into consideration. If you want a chrome free black, check out Eclipse, 9977. Eclipse is less saturated than Raven, but is a highly workable chrome free black. Working Tip: Work in neutral flame. If you flash heat in a reducing flame as you finish the project you can produce a look similar to the sheen of a raven's wing. Artist Description by Mike Shelbo: ""This super saturated opaque black is the answer to your need for thin stringer work and dense overlays that need to be black when blown out thin. It handles nice and smooth, also a bit stiffer than some other opaques but not by much. Raven can not be worked in heavy reduction for long periods of time without encasement. When used in a neutral flame in the correct region of the flame, this color will respond well and leave you with a beautiful finish. Treat Raven as you would other GA Crayon colors and you will get clean results.Great for backing marbles, deep encasement, inside out work, and stuff and puff techniques. I like using Raven with so many other Glass Alchemy colors, but my favorite combo is with Haterade for encalmo work."" - Mike Shelbo","""black"", ""reducing""",,33,rod,https://glassalchemy.com/products/raven-9749,,https://cdn.shopify.com/s/files/1/0965/6730/products/9749_781354ca-65ad-42cf-806d-be87eed8d0c1.jpg?v=1608594159,
GA,GA-544,Really Teally,,,"Really Teally, 544 is an easy to work opaque blue that falls between Agua Azul and Peacock. This color was designed to fill out the blue-green palette, providing the perfect color to round out the fade. Working Tip: Work this color in a neutral flame. Garage at 975° F, Anneal at 1050° F. Artist Description by Mike Shelbo: ""This color is a what you see is what you get opaque and falls inline between Peacock and Agua Azul. The characteristics of working this color are just what you would expect from Agua Azul. It has a slight stiffness at first when melting but like the others, it melts easily and smoothly. It will hold up well in stringers and thin blown applications. When blown and stretched thin enough Really Teally will become translucent and allow light to pass through it. Really Teally can be used with or without encasement in clear. Building up solid sections for sculptural bits shows how well the color melts into itself and also how well it holds heat. Really Teally is workable in all flame settings and can handle intense spot heats without concern of sublimation or boil. For getting the most bang for your buck with this color you can sandwich it between clear layers for blown and solid applications and still yield the same density and look of color in your finished piece. This color compliments the rest of the opaque blue and green palette, and contrasts extremely well with Rasta Gold."" - Mike Shelbo","""blue"", ""green""",,33,rod,https://glassalchemy.com/products/really-teally-544,,https://cdn.shopify.com/s/files/1/0965/6730/products/544_678ea201-2681-454e-91fa-2360b58060c3.jpg?v=1608249936,
GA,GA-104,Red Crayon,,,"Red Crayon is a dense, vibrant opaque cadmium based red. It is great for all applications and will remain dense when pulled down thin. Working Tip: Pre-heat in outer flame. Avoid rapid heating. Artist Description by Mike Shelbo: ""Red Crayon is an opaque 'what you see is what you get' (WYSIWYG). Working the color without encasement in the outer flame is ideal but quick passes in a sharp hot flame closer to your torch tip also works. Red Crayon works smooth and melts down without any potential sublimination if you have a bit of patience and keep from concentrating a sharp hot flame on one spot. It requires time to warm up and allow the heat to penetrate past the surface of the color. In other words think of your flame as a small brush and move lightly around the area you intend to get molten in a spot heat situation. This color works well for blown and sculptural work and murrine. When encased between two layers of clear glass you can blow out quite thin before color starts to become translucent. Use with Orange Crayon, Rasta Gold Crayon, Yellow Crayon, and Acid Yellow Crayon for recreating fire in sculpted and blown glass."" - Mike Shelbo","""red""",,33,rod,https://glassalchemy.com/products/red-crayon-104,,https://cdn.shopify.com/s/files/1/0965/6730/products/RedCrayon_f52d6388-6a02-4f4f-b652-b801860a486a.jpg?v=1607810899,
GA,GA-1692,Rozay,,,"Rozay Rods are a pink version of Purple Rain. Rozay is a vibrant, smooth transparent pink color that really pops. Working Tip: Try layering Rozay to achieve a pink tint, or using it in thick solid sections to achieve a vibrant pink. Artist Description by Mike Shelbo: “Rozay is a transparent what you see is what you get, high clarity and vibrant pink. Stable and workable, this color lends itself well to both blown and solid work. Rozay can act as a tint over clear or color; you can also gather it up for thick lenses or colored tubing. When drawn down to a stringer, Rozay will be a very light pink. The vibrancy of this color shows up in different ways when transmitting and reflecting natural light. Its high refractive index helps the color ""pop"" in certain shapes, similar to fiber optics or prisms. Rozay is also able to hold up under all flame atmospheres and in long working times both on the torch and in the kiln. Perfect in the lineup of GA Purple Rain, GA Haterade, GA Blue Dream and GA Lemon Drop, among others from the candy clear transparent palette” – Mike Shelbo","""unknown""",,33,rod,https://glassalchemy.com/products/rozay-1692,,https://cdn.shopify.com/s/files/1/0965/6730/products/Rozay.jpg?v=1607381882,
GA,GA-LOC-RS,Ruby Strike,,,This is a version of our old school Ruby Strike. A beautiful ruby that requires the kiln to strike. Rods will be transparent with a hint of red to light red in color. Working Tip: We recommend working in a neutral flame. Kiln strike.,"""red"", ""striker""",,33,rod,https://glassalchemy.com/products/ruby-strike,,https://cdn.shopify.com/s/files/1/0965/6730/files/138.jpg?v=1761680909,
GA,GA-5595,Sapphire,,,"Sapphire, 5595 is a Brilliant Blue based sparkle color utilizing the next generation sparkle technology found in Paparazzi. Working Tip: This color likes to be worked cool, but make sure you have your heat base built up while tooling or manipulating the glass to avoid developing a gray haze. As with all chrome colors. Artist Description by Mike Shelbo: “With large flakes of sparkle, this transparent deep brilliant blue has an intense shimmer and wide spectrum of reflective color. If you stripe, coil, mash, layer and twist or swirl this color you can actually see the effect in the look of the sparkle. An example would be the tight satin like pattern that is formed when compressing the rod while spinning one direction without encasement into a marble. When the rod is applied and worked without much manipulation, it will show much larger flakes of sparkle. Think of each sparkle flake as a small flat chip that can either be stacked on top of one another or laid side by side, each manipulation changes the “look” or finish. This color is great for every application including solid, with or without encasement, and hollow forms with varying thickness in color. When blown thin or stretched down into a thin stringer or veil, Sapphire will be very transparent yet still lend sparkle to the finished look. Do not use an extremely high mix of propane when Sapphire is being worked for long periods of time in the flame without encasement, the result will be a slight grey just on top of your brilliant blue base color.” – Mike Shelbo","""blue"", ""sparkle""",,33,rod,https://glassalchemy.com/products/sapphire-5595,,https://cdn.shopify.com/s/files/1/0965/6730/products/A-5595Sapphire-New.jpg?v=1629231830,
GA,GA-TTL-Sea Breeze,Sea Breeze,,,"Back by special request!! Sea Breeze is a beautiful blue-green. This color looks green in rod form and emits a beautiful blue around then edges when worked. Working Tip: As always, we suggest you work in a neutral flame. Note: Thomas' Test Lab contains good quality glass. The color formulation is still not final and final QC parameters have not been set.","""unknown""",,33,rod,https://glassalchemy.com/products/sea-breeze,,https://cdn.shopify.com/s/files/1/0965/6730/files/NG-5693SeaBreeze.jpg?v=1695240278,
GA,GA-1995,Serum,,,"Serum was the first CFL color shifter by Glass Alchemy. This color goes from a champagne to a pink color as you move it from natural to fluorescent light. If you like Serum, we suggest you check out its more affordable sibling, Plasma! Working Tip: As always, we suggest you work in a neutral flame.","""cfl"", ""multicolored""",,33,rod,https://glassalchemy.com/products/serum-1995,,https://cdn.shopify.com/s/files/1/0965/6730/products/Serum-NoText-Fade.jpg?v=1607382293,
GA,GA-4494,Shamrock,,,"Shamrock is a bright, vibrant opaque green. Working Tip: Work this color in a neutral flame. Garage at 975° F, Anneal at 1050° F. Artist Description by Mike Shelbo: ""This opaque green is a similar color to the GA Heritage color Clover, yet when drawn down to a thin stringer or blown out it holds its density. With GA Shamrock being so saturated it lends well to all types of solid and blown work. It works very smoothly and melts without sublimation or any definition of the termination when separated from itself. While I have had success with encasement under a thick layer of clear, I still suggest testing and experimentation when using opaque greens to check if the application works in different circumstances. GA Shamrock pairs well with all other GA Crayon colors, I recommend GA Sno White and GA Rasta Gold. Try encasement of GA Shamrock with other opaques and transparent colors for a variety of different effects when drawn out thin or blown out to thinly veil the Shamrock. An example of this would be a light coating of GA Silver Strike-5 Frit and encasement with clear rod or frit to produce a natural toned effect with an earthy finish."" - Mike Shelbo","""green"", ""striker""",,33,rod,https://glassalchemy.com/products/shamrock-4494,,https://cdn.shopify.com/s/files/1/0965/6730/products/4494_ea819fa0-bfa6-4292-b8a4-2b248dd05d51.jpg?v=1607800711,
GA,GA-7985,Silver Potion,,,"We think you are going to love this one!! Potion, with a touch of silver. This color can have different reactions in different flame atmospheres, achieving a range of color effects. ﻿Working Tip: ﻿Work in a neutral flame and use a slightly reducing flame to bring the silver effects to the surface. You can also try running this color through multiple kiln cycles to activate the silver. Note: Thomas' Test Lab contains good quality glass. The color formulation is still not final and final QC parameters have not been set.","""gray"", ""reducing""",,33,rod,https://glassalchemy.com/products/silver-potion,,https://cdn.shopify.com/s/files/1/0965/6730/products/SilverPotion_PipeFade_e279e50a-b9cb-482b-a30b-9e70746b370d.jpg?v=1656613532,
GA,GA-1985,Silver Serum,,,"Silver Serum is here!! We debuted this color at our last Open House and it was met with rave reviews. What's not to like about Serum, with a touch of silver to make this CFL color even more playful. This color can have different reactions in different flame atmospheres, achieving a range of color effects. ﻿Working Tip: ﻿Work in a neutral flame and use a slightly reducing flame to bring the silver effects to the surface. You can also try running this color through multiple kiln cycles to activate the silver. Note: Thomas' Test Lab contains good quality glass. The color formulation is still not final and final QC parameters have not been set.","""cfl"", ""gray"", ""multicolored"", ""reducing""",,33,rod,https://glassalchemy.com/products/silver-serum,,https://cdn.shopify.com/s/files/1/0965/6730/products/SilverSerum_PipeFade_0911e26a-ea7f-48e5-bedf-becd17b3d588.jpg?v=1649438395,
GA,GA-385,Silver Strike-5,,,"Silver Strike-5, 385 gives the artist control over the outcome. The more you work this color the more intriguing the final result will be. Try playing with your flame settings to achieve different results, from creamy tans to metallic lusters, this color is incredibly versatile. Working Tip: Heat to a dull orange and cool multiple times to strike the color. Use a reducing flame to create the popular bleached tones. Artist Description by Mike Shelbo: ""Silver Strike-5 will yield a range of color from creamy beige and tan to golden yellow and light browns. Soft highlights of blue and light purple come from working the color on the surface. Also, leaving this color unencased will allow you to reduce (heavy propane flame) to a metallic silver and golden brown metallic."" - Mike Shelbo","""gray"", ""luster"", ""reducing"", ""striker""",,33,rod,https://glassalchemy.com/products/silver-strike-5-385,,https://cdn.shopify.com/s/files/1/0965/6730/products/385_89f40501-8f27-4339-a654-e161cbcfd6b0.jpg?v=1607797673,
GA,GA-380,Singular Passion,,,"Singular Passion is the least saturated sibling in the Glass Alchemy Passion family. This color is designed to stay in the yellow range and looks great layered over other colors. Easy to use and control, this color is a great addition to any palette. Working Tip: Get this color white hot to erase the striking history. A variety of effects are achievable depending on how long you flame/kiln strike. Artist Description by Mike Shelbo: ""Singular Passion will go from transparent to opalescent or milky in color, but stays in the golden and white-ish yellow range of color. The result is gorgeous. I tend to like the results of Singular Passion best after a sculpture, either hollow or solid, has been worked in the flame for an hour or longer. Kiln striking at 1050 F or higher will shift the color when its is allowed to soak for a duration of time."" - Mike Shelbo","""amber-purple"", ""purple"", ""red"", ""striker""",,33,rod,https://glassalchemy.com/products/singular-passion-380,,https://cdn.shopify.com/s/files/1/0965/6730/products/A-380SingularPassion-New.jpg?v=1629231666,
GA,GA-961,Smoke,,,Smoke is a transparent gray that was retired ages ago and we are excited to bring it back as part of our First-Gen line. This version is easier to work than the old school Smoke. We think you will like this revamp of an old favorite. Working Tip: Add a thin layer of clear to help protect the color during longer working times.,"""unknown""",,33,rod,https://glassalchemy.com/products/smoke-961,,https://cdn.shopify.com/s/files/1/0965/6730/products/FGT-961Smoke.jpg?v=1611090311,
GA,GA-9995,Sno White,,,"Sno White is a dense, opaque white. Made with Tin Oxide, the spelling of Sno is us getting geeky with a chemistry joke!Working Tip: Heat slowly to raise the core temperature. Once the heat base is established, this color can be worked very hot and any air bubbles that popped during the preheat will smooth out. Getting this color white hot will cause excessive gas release that can not be repaired and should therefore be avoided. Artist Description by Mike Shelbo: ""This opaque white crayon is highly saturated with color so that you can draw down to stringers or blow out thin and still have a solid white finish. If desired, Sno White can be sandwiched between clear and blown out very thin and achieve a slightly translucent or milky finish. Without encasement in clear or another color you must work Sno White like other crayon colors and try to do most heating about an inch or so further out than where you work your clear glass. It can handle quick heats with an intense, hot and sharp flame, but do not overheat tiny areas and you will avoid bubbling.Sno White melts into itself smoothly and easily without trace of where color overlaps itself. For thick, solid sculpture work, I prefer to encase clear rod with Sno White so the core of the sculpture is more flexible and can hold core heat longer. Try encasing Sno White in every Glass Alchemy translucent color and find a whole new palette of colors that includes more pastels and can create a bold and vibrant look for your basic what you see is what you get colors."" - Mike Shelbo","""white""",,33,rod,https://glassalchemy.com/products/sno-white-9995,,https://cdn.shopify.com/s/files/1/0965/6730/products/9995_b811fe6a-d880-4798-92a4-97b0b3d93f8d.jpg?v=1608663110,
GA,GA-4585,Starry Night,,,"Starry Night, 4585 is a variation of the much loved Paparazzi, 4595. We added a touch of silver so you can yield a nice mild strike, while still seeing the depth of sparkle. Working Tip: This color likes to be worked cool, but make sure you have your heat base built up while tooling or manipulating the glass to avoid developing a gray haze. As with all chrome colors, we suggest you work this color in a neutral flame. Garage at 975° F, Anneal at 1050° F. Artist Description by Mike Shelbo: “Starry Night is similar in sparkle flake, size and structure to Paparazzi and Sapphire, but has the added addition of just the right amount of silver to bring a fume like veil over the surface of your sparkle finish. When working Starry Night you must keep the surface in mind as the silver will push out in a ghost blue transparent cloudiness. You can remove the cloudiness with an intense spot heat, or let it build up to a slightly cream colored fume. Either way, there are loads of sparkles and possibilities for swirling silver into your pieces. I found I liked putting a thick layer of Starry Night over a clear tube, melting it smooth, encasing it with 6mm clear rod and then melting that to either stretch down, or blow out thin. It traps the silver fume and gives a different look to the sparkle than when it is un-encased."" - Mike Shelbo","""blue"", ""multicolored"", ""silver"", ""sparkle"", ""striker""",,33,rod,https://glassalchemy.com/products/starry-night-4585,,https://cdn.shopify.com/s/files/1/0965/6730/products/4585_c1585d3c-3fdb-4089-aa04-5e936f64447a.jpg?v=1607378925,
GA,GA-TTL-SweetHeat,Sweet Heat,,,"Sweet Heat is a smooth, buttery transparent orange. Lighter than Hot Sauce, Working Tip: Pre-heat in outer flame. Avoid rapid heating. Note: Thomas' Test Lab contains good quality glass. The color formulation is still not final and final QC parameters have not been set.","""unknown""",,33,rod,https://glassalchemy.com/products/sweet-heat,,https://cdn.shopify.com/s/files/1/0965/6730/files/SweetHeat.jpg?v=1756836390,
GA,GA-TTL-Tangie,Tangie,,,"We are thrilled to introduce you all to Tangie! This color has been in the works for quite some time. You may have tried some Orange Shades test batches leading up to the development of this vibrant, easy to work semi-transparent orange. Working Tip: Pre-heat in outer flame. Avoid rapid heating. Note: Thomas' Test Lab contains good quality glass. The color formulation is still not final and final QC parameters have not been set.","""unknown""",,33,rod,https://glassalchemy.com/products/tangie,,https://cdn.shopify.com/s/files/1/0965/6730/products/Tangie-3.9.21.jpg?v=1615320243,
GA,GA-LOC-NoRise,Tequila NoRise,,,"This is a Tequila color, without the reds and pinks that are Tequila Sunrise. Expect amber and yellows from this one. Working Tip: We recommend working in a neutral flame. Kiln strike.","""striker""",,33,rod,https://glassalchemy.com/products/tequila-norise,,https://cdn.shopify.com/s/files/1/0965/6730/files/NoRise_13136881-152c-4c30-a014-a6b2fe7e2ae9.jpg?v=1756415734,
GA,GA-2380,Tequila Sunrise,,,"Tequila Sunrise, 2380 is a lighter version of Persimmon Strike, 2383, providing more nuance and control to the artist. Working Tip: Get this color white hot to erase the striking history. A variety of effects are achievable depending on how long you flame/kiln strike. Artist Description by Mike Shelbo:""Tequila Sunrise strikes while working the color, but as you get the glass hot enough to be molten it will go clear. Putting the piece in the kiln at 1075F for different rates of time will strike variations in the color depending on thickness of color application and layering of color throughout the working process. A light yellow transparent will darken to a pinkish orange with subtle reds.If you return any part of the piece to a molten state it will restart the striking process. I like to use this color without encasement. No need to reduce in the flame or work in an oxidizing atmosphere."" - Mike Shelbo","""multicolored"", ""orange"", ""reducing"", ""striker"", ""yellow""",,33,rod,https://glassalchemy.com/products/tequila-sunrise-2380,,https://cdn.shopify.com/s/files/1/0965/6730/products/2380_844c5636-9179-4066-83d2-64031393621f.jpg?v=1607813108,
GA,GA-2995,Terps,,,"Terps is the first cadmium based CFL color shifter. This Next-Gen cad is highly workable and will shift from Orange to Yellow, depending on the light source. Working Tip: Pre-heat in outer flame. Avoid rapid heating.","""cfl""",,33,rod,https://glassalchemy.com/products/terps-2995,,https://cdn.shopify.com/s/files/1/0965/6730/products/Terps-Fade.jpg?v=1607812281,
GA,GA-8595,Tiger's Eye,,,"Tiger's Eye is a Beryl based sparkle color utilizing the next generation sparkle technology found in Paparazzi. Working Tip: This color likes to be worked cool, but make sure you have your heat base built up while tooling or manipulating the glass to avoid developing a gray haze. Artist Description by Mike Shelbo: “I have been waiting for this sparkle for a long time. It really completes the sparkle palette for earth tones. Tiger’s Eye has such large sparkle flakes that when you catch it in different light it seems as though you see every color of the rainbow reflecting like a prism. At the same time, you can also see gold and silver flakes. The base color helps a lot with this effect. Similar to Beryl but a bit more vibrant, this transparent color works quite the same. It handles every type of working situation, although you want to avoid long exposure to a heavy propane flame. It can be worked solid or blown, thick or thin. I prefer dense layers of Tiger’s Eye so you can really see the range of spectrum within the sparkle.” – Mike Shelbo","""sparkle""",,33,rod,https://glassalchemy.com/products/tigers-eye-8595,,https://cdn.shopify.com/s/files/1/0965/6730/products/8595_ddda1747-cbef-4023-9bf9-f880bf0d65b4.jpg?v=1608592113,
GA,GA-490,Tonic,,,"Tonic has a vintage glass look and is a younger sibling of Rain Drop. For best results, this crisp, high index color should be used in a neutral flame. Working Tip: Work neutral to oxidizing for best results. A reducing flame will cause red streaking. Artist Description by Mike Shelbo: ""Tonic is a transparent blue, the color of an aquamarine gem. The color becomes more vibrant and its higher refractive index shows when used with itself in applications that allow the Tonic layer to be as thick as possible. When used as tubing, applied on clear or as coiled color, if the Tonic will be exposed to a lot of different working flames and long times in and out of the kiln, I advise a thin clear coat to protect the surface from overworking. Too much propane in your flame can result in a copper reduction leaving you with red streaks or patches on the surface of the un-encased Tonic. Too much over oxidizing can leave you with a surface haze or scuzz that must be swiped to remove. I often recommend a thin layer of clear frit over Tonic or evenly coated clear rod over your entire prep. I have used Tonic without encasement many times on solid sculpture and had good results, but I have seen a warming or flashing flame haze up a section. Working Tonic in as close to a neutral flame and away from the face of your torch is wise and will get you the best results with the color. If you have worked Raindrop in the past, this color is very similar in working properties. My favorite application is to gather up rods into 18mm or thicker sections and sculpt them into figurines. This next generation transparent is definitely a must have to fill out the rainbow palette. It can be layered over other colors like white for a nice pastel, but will be a faint tint unless applied as a 5-7mm thick layer. The first impression Tonic made on me was the thought that it was the color of window glass or old soda bottles, both aqua blue colors that I have always been fond of.” – Mike Shelbo","""reducing""",,33,rod,https://glassalchemy.com/products/tonic-490,,https://cdn.shopify.com/s/files/1/0965/6730/products/Tonic_31601bb0-2dfc-45e8-b247-377928df2c8e.jpg?v=1607558339,
GA,GA-4497,Tree Hugger,,,"Tree Hugger, 4497 is darker than Shamrock and is a bold dark green. Like Shamrock, Tree Hugger is smooth, creamy and easy to work. Working Tip: Work this color in a neutral flame. Garage at 975° F, Anneal at 1050° F. Artist Description by Mike Shelbo""This opaque green is a shade darker than GA Shamrock and is equally as dense in saturation of the color. It can be drawn down to a very thin stringer and still hold its true color. It works very smooth for being such a dark green, which are often prone to stiffness. It melts easily and has no visible termination points when separated from itself. While I have had success with encasement under a thick layer of clear, I still suggest testing and experimentation when using opaque greens to check if the application works in different circumstances. GA Tree Hugger adds to the already existing ROYGBIV color fade of opaques available from GA and is becoming more and more one of my favorite colors to sculpt with. I like to pair it with GA Agua Mist.","""unknown""",,33,rod,https://glassalchemy.com/products/tree-hugger-4497,,https://cdn.shopify.com/s/files/1/0965/6730/products/4497_ed4b668a-93d5-4861-b3d9-407c0cf117fa.jpg?v=1607208017,
GA,GA-786,Triple Passion,,,"Triple Passion, 786 was introduced as an easy striking amber to purple color. Due to its formulation this color quickly, easily and consistently strikes through a wide range of bright and delightful purples. The use of color-changing borosilicate exploded soon after Glass Alchemy introduced this color to the market. This is a must have in every glass studio! Working Tip: Get this color white hot to erase the striking history. A variety of effects are achievable depending on how long you flame/kiln strike. Artist Description by Mike Shelbo: ""You know it, you love it, and you can use it so many ways! Triple Passion is a striking color full of silver goodness. This means that as your translucent base glass shifts from a golden yellow to amber and into purples and violets you will also see a reaction from the silver adding in blue and green and purple hues. To best understand how this will work as you make your piece, heat your color rod to a molten state, let it cool, then with a normal working flame heat for a second at a time and pause in between to watch results. The striking happens quickly and that is why short exposure increments will yield large differences. Encase with clear to trap luster and pearlescent qualities. Color layer thickness will determine final color and ability to control finishing effects."" - Mike Shelbo","""amber-purple"", ""luster"", ""purple"", ""red"", ""striker""",,33,rod,https://glassalchemy.com/products/triple-passion-786,,https://cdn.shopify.com/s/files/1/0965/6730/products/786_8690738a-7510-4068-9e6e-f0abe3193e7d.jpg?v=1608590894,
GA,GA-445,Turquoise,,,"Turquoise, 445 was inspired by Southwest American Indian art. To mimic natural turquoise we wanted a color that would develop organic red highlights within the green coloration like the stone. Working Tip: Work this color in a neutral flame. Garage at 975° F, Anneal at 1050° F. Use of reduction at the end of the project can produce subtle red tones. Artist Description by Mike Shelbo: ""This color is a natural earth-toned opaque greenish blue. Turquoise is great for solid sculpture and blown work. The density of the color will stay true to the color of the rod before manipulation but when blown, it can become a milky translucent and opalescent version of itself. This is best achieved by sandwiching between clear and blowing thin. Turquoise works creamy but the slightest bit stiffer than other opaques. Overworking the surface of the color when not encased in clear can lead to undesired surface texture and finish. However, when desired you can use a reduction flame with heavy propane on unencased Turquoise before you put your piece in the annealer to bring out the copper, which will result in very natural toned red tints and streaks interacting with your base color."" - Mike Shelbo","""blue"", ""green"", ""reducing""",,33,rod,https://glassalchemy.com/products/turquoise-445,,https://cdn.shopify.com/s/files/1/0965/6730/products/445_2b197762-e670-43ae-a933-0577ece77cb6.jpg?v=1607207606,
GA,GA-548,Twilight,,,"Twilight, 548 was designed as part of a series of 6 blues and greens to provide a range of hues and intensities that would work well with each other as well as set off the bright Crayon colors. Working Tip: Work this color in a neutral flame. Garage at 975° F, Anneal at 1050° F. Artist Description by Mike Shelbo: ""Twilight is the slightest bit stiffer than Glass Alchemy Peacock and Agua Azul but works just the same, nice and creamy. This blue is a deep, opaque color that is darker than Peacock, but still a very distinct blue that has a special place in the color palette. It works great for sculpting solid work and for blown work. Twilight lends well to many styles of application. I also like Twilight for murrine because of the density of the color and the ability to hold up well when drawn down to different sizes. Working this color properly is the same as working other opaques and Crayon colors. Twilight does not sublime or boil and can be intensely spot heated with a sharp flame for detail and welds. Small variations in darker tones emerge with intense spot heating when color is not encased."" - Mike Shelbo","""multicolored"", ""purple""",,33,rod,https://glassalchemy.com/products/twilight-548,,https://cdn.shopify.com/s/files/1/0965/6730/products/548_7a121e85-9776-4240-9b0d-bd873ad91b73.jpg?v=1608251526,
GA,GA-416,Ultramarine,,,"Darker than Aquamarine, Ultramarine is a beautiful blue-green. It is a highly usable copper free color. If you like Atlantis, but are looking for a cheaper option, this is your color. There is no chance of REDuction with this one! Working Tip: This is a user friendly color and can withstand long working times. As always, we suggest you use a neutral flame.","""reducing""",,33,rod,https://glassalchemy.com/products/ultramarine-416,,https://cdn.shopify.com/s/files/1/0965/6730/products/FGT-416Ultramarine_f08e0473-5b4e-4a51-aa0a-0fdd844dfa63.jpg?v=1615319653,
GA,GA-TTL-Unicorn Tears,Unicorn Tears,,,Unicorn Tears is a beautiful pink-purple with a touch of silver for a fumey effect. Working Tip: Work in a neutral flame and use a slightly reducing flame to bring the silver effects to the surface. You can also try running this color through multiple kiln cycles to activate the silver. Note: Thomas' Test Lab contains good quality glass. The color formulation is still not final and final QC parameters have not been set.,"""reducing""",,33,rod,https://glassalchemy.com/products/unicorn-tears,,https://cdn.shopify.com/s/files/1/0965/6730/products/SilverCandy_Pipe.jpg?v=1678141857,
GA,GA-8475,Walnut,,,"Walnut, 8475 was a later release. We were receiving many requests to create a color that matched the saturation of Cobalt-5, 515 in a brown tone. Recognizing that this was an important color, we did several months of development work and were very pleased to introduce Black Walnut, 8475. A deep rich opaque brown, this color works well in many applications and has become an important part of our lineup. Working Tip: Work in neutral flame to avoid reduction (gray wisps). Artist Description by Mike Shelbo: ""This color is a saturated what you see is what you get opaque deep brown. It works very nicely in all flame atmospheres and in both blown and solid work. It melts into itself easily and is great for detail applied by stringers and in larger applications. Walnut seems opaque but when blown thin or applied in very thin stringers it will show its translucent quality. It can be worked for long periods of time without encasement and with heavy manipulation. This is one of the staple colors in the earth toned palette Glass Alchemy has to offer."" - Mike Shelbo","""brown"", ""reducing""",,33,rod,https://glassalchemy.com/products/walnut-8475,,https://cdn.shopify.com/s/files/1/0965/6730/products/8475_cc1211da-e474-4b45-92df-37c9ba35d319.jpg?v=1608591804,
GA,GA-8623,Wood Glue,,,"﻿This pastel based color is back by popular demand!! Wood Glue is a sibling of Glue Stick, with a little extra something to give it a great neutral color. Working Tip: Be sure not to get this color too hot when in a thin application as to not cook out the pastel base and turn it transparent. Blow outs work best of the pastel colors. Note: Thomas' Test Lab contains good quality glass. The color formulation is still not final and final QC parameters have not been set.","""unknown""",,33,rod,https://glassalchemy.com/products/wood-glue,,https://cdn.shopify.com/s/files/1/0965/6730/products/WoodGlue_New.jpg?v=1638220696,
GA,GA-304,Yellow Crayon,,,"Yellow Crayon is a dense, bright cadmium based school bus yellow. It is great for all applications and will remain dense when pulled down thin. Try Acid Yellow Crayon if you are looking for a little more kick in your color. Working Tip: Pre-heat in outer flame. Avoid rapid heating. Artist Description by Mike Shelbo: ""This color is a true yellow opaque. It's very natural and has an earthy tone to it. Not too dark, not too bright, Yellow Crayon is just right. Works like other crayon colors and prefers to be in the mid to outer region of the flame but can come close to the torch tip in quick passes and light repeated spot heats. The color density holds well in stringers, canework, and murrine. Blowing with Yellow Crayon works well with encasement or color on the surface of your piece and will stay dense until the color layer is blown thinner than 1mm. Compliments and contrasts with almost the entire Glass Alchemy palette, try Yellow Crayon, 304 and Tiger's Eye, 8595 for bumblebees or with Shamrock, 4494 for a classic combo."" - Mike Shelbo","""yellow""",,33,rod,https://glassalchemy.com/products/yellow-crayon-304,,https://cdn.shopify.com/s/files/1/0965/6730/products/NG-304YellowCrayon.jpg?v=1633639592,
GA,GA-4920,Zen,,,"Zen is a beautiful soft aqua blue-green that adds a tranquil touch to the pastel line-up. Zen is a pastel version of Tonic, and does contain copper. For a copper free version, try Nimbus. Working Tip: Work neutral to oxidizing for best results. A reducing flame will cause REDuction. While this color can be worked without encasement, for longer working times, we recommend a thin sleeve of clear. Be sure not to get this color too hot when in a thin application as to not cook out the pastel base and turn it transparent. Blow outs work best of the pastel colors.","""blue"", ""green"", ""reducing""",,33,rod,https://glassalchemy.com/products/zen-4920,,https://cdn.shopify.com/s/files/1/0965/6730/products/Zen_TTL_624465ba-870f-4c90-b6f2-cd3c0f56694f.jpg?v=1607647551,
